time,sensor_a,sensor_b,sensor_c
2024-01-01 00:00:00,19.816,101.886,0.52
2024-01-01 01:00:00,21.755,101.7,0.621
2024-01-01 02:00:00,22.209,101.673,0.643
2024-01-01 03:00:00,23.951,101.818,0.66
2024-01-01 04:00:00,24.492,101.827,0.656
2024-01-01 05:00:00,25.502,101.926,0.575
2024-01-01 06:00:00,25.516,101.635,0.427
2024-01-01 07:00:00,23.503,101.563,0.567
2024-01-01 08:00:00,25.027,101.447,0.687
2024-01-01 09:00:00,24.581,101.039,0.763
2024-01-01 10:00:00,23.498,100.946,0.701
2024-01-01 11:00:00,22.032,100.823,0.47
2024-01-01 12:00:00,21.853,100.703,0.532
2024-01-01 13:00:00,19.827,100.969,0.572
2024-01-01 14:00:00,18.763,100.872,0.696
2024-01-01 15:00:00,18.155,100.853,0.699
2024-01-01 16:00:00,17.014,100.499,0.664
2024-01-01 17:00:00,15.819,101.272,0.595
2024-01-01 18:00:00,14.784,100.932,0.499
2024-01-01 19:00:00,16.189,101.494,0.667
2024-01-01 20:00:00,17.487,101.099,0.672
2024-01-01 21:00:00,17.667,101.327,0.754
2024-01-01 22:00:00,19.447,101.243,0.72
2024-01-01 23:00:00,20.311,101.737,0.633
2024-01-02 00:00:00,22.337,101.604,0.411
2024-01-02 01:00:00,22.726,101.665,0.656
2024-01-02 02:00:00,24.433,101.646,0.65
2024-01-02 03:00:00,25.533,101.959,0.736
2024-01-02 04:00:00,26.963,101.907,0.625
2024-01-02 05:00:00,25.574,102.0,0.541
2024-01-02 06:00:00,26.527,101.527,0.599
2024-01-02 07:00:00,27.172,101.547,0.552
2024-01-02 08:00:00,27.119,101.194,0.731
2024-01-02 09:00:00,25.567,101.209,0.706
2024-01-02 10:00:00,24.236,101.061,0.652
2024-01-02 11:00:00,23.68,101.103,0.598
2024-01-02 12:00:00,22.471,101.104,0.435
2024-01-02 13:00:00,20.455,101.046,0.599
2024-01-02 14:00:00,19.676,100.75,0.619
2024-01-02 15:00:00,19.16,101.039,0.68
2024-01-02 16:00:00,18.799,100.929,0.719
2024-01-02 17:00:00,17.615,100.963,0.613
2024-01-02 18:00:00,17.026,101.008,0.426
2024-01-02 19:00:00,17.137,101.15,0.643
2024-01-02 20:00:00,17.999,101.626,0.673
2024-01-02 21:00:00,18.382,101.543,0.673
2024-01-02 22:00:00,19.591,101.647,0.711
2024-01-02 23:00:00,20.036,101.691,0.592
2024-01-03 00:00:00,22.728,102.184,0.442
2024-01-03 01:00:00,22.542,102.07,0.692
2024-01-03 02:00:00,24.152,101.791,0.672
2024-01-03 03:00:00,25.482,101.849,0.696
2024-01-03 04:00:00,27.386,101.816,0.653
2024-01-03 05:00:00,26.409,101.798,0.659
2024-01-03 06:00:00,26.402,101.573,0.474
2024-01-03 07:00:00,26.267,101.628,0.523
2024-01-03 08:00:00,27.058,101.653,0.639
2024-01-03 09:00:00,23.542,101.11,0.766
2024-01-03 10:00:00,23.551,101.017,0.715
2024-01-03 11:00:00,24.542,101.009,0.587
2024-01-03 12:00:00,21.918,100.934,0.569
2024-01-03 13:00:00,19.558,101.245,0.637
2024-01-03 14:00:00,18.941,101.075,0.66
2024-01-03 15:00:00,17.919,101.079,0.692
2024-01-03 16:00:00,17.538,100.944,0.69
2024-01-03 17:00:00,17.579,101.017,0.558
2024-01-03 18:00:00,16.48,100.944,0.5
2024-01-03 19:00:00,16.034,101.399,0.615
2024-01-03 20:00:00,17.269,101.486,0.589
2024-01-03 21:00:00,17.11,101.737,0.691
2024-01-03 22:00:00,17.88,101.638,0.658
2024-01-03 23:00:00,18.584,101.757,0.651
2024-01-04 00:00:00,19.929,101.89,0.408
2024-01-04 01:00:00,21.556,102.056,0.581
2024-01-04 02:00:00,22.524,101.727,0.649
2024-01-04 03:00:00,24.384,102.049,0.748
2024-01-04 04:00:00,24.2,101.893,0.671
2024-01-04 05:00:00,23.461,101.665,0.69
2024-01-04 06:00:00,24.819,101.413,0.533
2024-01-04 07:00:00,24.918,101.59,0.579
2024-01-04 08:00:00,24.265,101.701,0.685
2024-01-04 09:00:00,24.671,101.607,0.682
2024-01-04 10:00:00,22.281,101.288,0.716
2024-01-04 11:00:00,21.897,101.424,0.533
2024-01-04 12:00:00,19.989,101.041,0.459
2024-01-04 13:00:00,18.606,101.137,0.623
2024-01-04 14:00:00,16.849,100.905,0.734
2024-01-04 15:00:00,16.205,100.908,0.59
2024-01-04 16:00:00,14.913,100.93,0.742
2024-01-04 17:00:00,14.901,100.799,0.593
2024-01-04 18:00:00,14.413,101.403,0.406
2024-01-04 19:00:00,14.086,101.234,0.45
2024-01-04 20:00:00,15.675,101.34,0.597
2024-01-04 21:00:00,16.06,101.415,0.699
2024-01-04 22:00:00,16.5,101.687,0.67
2024-01-04 23:00:00,17.993,102.091,0.632
2024-01-05 00:00:00,19.082,102.227,0.473
2024-01-05 01:00:00,19.839,101.721,0.545
2024-01-05 02:00:00,21.542,101.942,0.653
2024-01-05 03:00:00,22.099,101.831,0.702
2024-01-05 04:00:00,22.637,102.093,0.685
2024-01-05 05:00:00,22.668,101.915,0.561
2024-01-05 06:00:00,23.538,101.679,0.545
2024-01-05 07:00:00,23.865,101.669,0.569
2024-01-05 08:00:00,22.553,101.46,0.63
2024-01-05 09:00:00,23.634,101.646,0.673
2024-01-05 10:00:00,21.565,101.365,0.727
2024-01-05 11:00:00,20.561,101.278,0.593
2024-01-05 12:00:00,18.913,100.695,0.465
2024-01-05 13:00:00,18.208,101.032,0.646
2024-01-05 14:00:00,15.375,101.333,0.78
2024-01-05 15:00:00,13.235,101.232,0.71
2024-01-05 16:00:00,13.67,100.803,0.735
2024-01-05 17:00:00,13.737,101.109,0.652
2024-01-05 18:00:00,13.289,101.078,0.47
2024-01-05 19:00:00,13.503,101.635,0.601
2024-01-05 20:00:00,14.601,101.545,0.609
2024-01-05 21:00:00,14.806,101.525,0.69
2024-01-05 22:00:00,16.068,101.77,0.642
2024-01-05 23:00:00,16.21,101.483,0.58
2024-01-06 00:00:00,17.393,101.798,0.463
2024-01-06 01:00:00,20.297,102.024,0.586
2024-01-06 02:00:00,20.583,102.17,0.7
2024-01-06 03:00:00,21.174,101.743,0.694
2024-01-06 04:00:00,13.349,101.935,0.58
2024-01-06 05:00:00,22.442,102.071,0.563
2024-01-06 06:00:00,22.575,101.604,0.424
2024-01-06 07:00:00,22.061,101.74,0.612
2024-01-06 08:00:00,21.435,101.589,0.698
2024-01-06 09:00:00,21.431,101.709,0.713
2024-01-06 10:00:00,20.167,101.296,0.634
2024-01-06 11:00:00,19.993,101.2,0.612
2024-01-06 12:00:00,18.226,101.272,0.476
2024-01-06 13:00:00,16.933,100.891,0.543
2024-01-06 14:00:00,15.143,101.035,0.71
2024-01-06 15:00:00,14.504,101.013,0.741
2024-01-06 16:00:00,14.025,101.107,0.721
2024-01-06 17:00:00,13.767,101.331,0.57
2024-01-06 18:00:00,13.142,101.389,0.559
2024-01-06 19:00:00,14.05,101.314,0.575
2024-01-06 20:00:00,13.943,101.577,0.706
2024-01-06 21:00:00,15.247,101.912,0.674
2024-01-06 22:00:00,15.554,101.689,0.662
2024-01-06 23:00:00,16.009,101.944,0.479
2024-01-07 00:00:00,18.597,101.98,0.485
2024-01-07 01:00:00,20.213,102.057,0.605
2024-01-07 02:00:00,21.379,101.847,0.653
2024-01-07 03:00:00,22.375,102.294,0.788
2024-01-07 04:00:00,22.761,101.924,0.615
2024-01-07 05:00:00,23.041,102.122,0.572
2024-01-07 06:00:00,24.084,101.777,0.455
2024-01-07 07:00:00,23.898,101.66,0.572
2024-01-07 08:00:00,22.867,101.81,0.725
2024-01-07 09:00:00,23.137,101.649,0.774
2024-01-07 10:00:00,20.97,101.41,0.638
2024-01-07 11:00:00,20.009,101.388,0.564
2024-01-07 12:00:00,20.114,101.148,0.442
2024-01-07 13:00:00,18.427,101.136,0.665
2024-01-07 14:00:00,25.032,101.017,0.729
2024-01-07 15:00:00,15.976,101.265,0.695
2024-01-07 16:00:00,15.173,101.072,0.603
2024-01-07 17:00:00,13.005,101.475,0.535
2024-01-07 18:00:00,14.011,101.306,0.509
2024-01-07 19:00:00,14.768,101.477,0.627
2024-01-07 20:00:00,15.158,101.718,0.57
2024-01-07 21:00:00,16.389,101.74,0.684
2024-01-07 22:00:00,18.028,101.817,0.754
2024-01-07 23:00:00,18.438,101.966,0.589
2024-01-08 00:00:00,19.365,102.191,0.574
2024-01-08 01:00:00,21.564,102.015,0.632
2024-01-08 02:00:00,22.453,102.121,0.619
2024-01-08 03:00:00,23.666,102.132,0.685
2024-01-08 04:00:00,24.453,102.218,0.667
2024-01-08 05:00:00,26.547,102.001,0.552
2024-01-08 06:00:00,24.101,102.189,0.452
2024-01-08 07:00:00,25.114,101.779,0.675
2024-01-08 08:00:00,24.917,101.64,0.624
2024-01-08 09:00:00,23.727,101.522,0.754
2024-01-08 10:00:00,23.771,101.229,0.651
2024-01-08 11:00:00,22.582,101.166,0.599
2024-01-08 12:00:00,20.839,101.16,0.528
2024-01-08 13:00:00,19.478,101.356,0.57
2024-01-08 14:00:00,18.433,101.16,0.702
2024-01-08 15:00:00,17.466,101.105,0.598
2024-01-08 16:00:00,16.749,101.408,0.695
2024-01-08 17:00:00,16.245,101.533,0.477
2024-01-08 18:00:00,16.398,101.59,0.489
2024-01-08 19:00:00,16.927,101.394,0.643
2024-01-08 20:00:00,16.292,101.578,0.704
2024-01-08 21:00:00,17.248,102.057,0.635
2024-01-08 22:00:00,17.917,101.945,0.615
2024-01-08 23:00:00,20.742,101.978,0.566
2024-01-09 00:00:00,21.714,102.212,0.509
2024-01-09 01:00:00,23.206,102.313,0.498
2024-01-09 02:00:00,23.295,102.102,0.673
2024-01-09 03:00:00,26.3,102.211,0.716
2024-01-09 04:00:00,25.697,102.275,0.659
2024-01-09 05:00:00,26.699,101.89,0.626
2024-01-09 06:00:00,27.315,101.968,0.511
2024-01-09 07:00:00,26.071,101.683,0.573
2024-01-09 08:00:00,25.864,101.576,0.576
2024-01-09 09:00:00,25.531,101.511,0.707
2024-01-09 10:00:00,26.126,101.546,0.626
2024-01-09 11:00:00,23.407,101.321,0.571
2024-01-09 12:00:00,22.914,101.19,0.524
2024-01-09 13:00:00,21.394,101.241,0.671
2024-01-09 14:00:00,19.698,101.041,0.671
2024-01-09 15:00:00,17.858,101.29,0.728
2024-01-09 16:00:00,18.3,101.441,0.601
2024-01-09 17:00:00,16.27,101.336,0.612
2024-01-09 18:00:00,17.961,101.419,0.497
2024-01-09 19:00:00,17.289,101.626,0.661
2024-01-09 20:00:00,16.074,101.396,0.646
2024-01-09 21:00:00,18.248,101.913,0.688
2024-01-09 22:00:00,19.87,102.423,0.726
2024-01-09 23:00:00,20.529,102.048,0.595
2024-01-10 00:00:00,22.379,102.135,0.445
2024-01-10 01:00:00,22.716,102.322,0.728
2024-01-10 02:00:00,23.628,102.482,0.619
2024-01-10 03:00:00,25.38,102.373,0.697
2024-01-10 04:00:00,26.211,101.861,0.691
2024-01-10 05:00:00,26.454,102.196,0.613
2024-01-10 06:00:00,27.538,102.4,0.491
2024-01-10 07:00:00,26.088,101.991,0.591
2024-01-10 08:00:00,26.25,101.598,0.661
2024-01-10 09:00:00,25.27,101.686,0.644
2024-01-10 10:00:00,23.218,101.331,0.781
2024-01-10 11:00:00,22.112,101.602,0.589
2024-01-10 12:00:00,21.571,101.192,0.53
2024-01-10 13:00:00,21.411,101.293,0.583
2024-01-10 14:00:00,19.314,101.132,0.655
2024-01-10 15:00:00,16.843,101.192,0.677
2024-01-10 16:00:00,28.862,101.543,0.596
2024-01-10 17:00:00,16.915,101.412,0.592
2024-01-10 18:00:00,16.189,101.414,0.48
2024-01-10 19:00:00,17.043,101.446,0.659
2024-01-10 20:00:00,16.268,101.468,0.613
2024-01-10 21:00:00,17.739,101.693,0.671
2024-01-10 22:00:00,19.008,102.022,0.628
2024-01-10 23:00:00,19.372,102.262,0.672
2024-01-11 00:00:00,20.612,102.117,0.457
2024-01-11 01:00:00,22.109,102.494,0.628
2024-01-11 02:00:00,23.556,102.176,0.722
2024-01-11 03:00:00,24.187,102.239,0.693
2024-01-11 04:00:00,25.504,102.07,0.604
2024-01-11 05:00:00,25.07,102.308,0.532
2024-01-11 06:00:00,24.648,102.377,0.543
2024-01-11 07:00:00,26.388,101.682,0.537
2024-01-11 08:00:00,24.265,101.768,0.693
2024-01-11 09:00:00,23.418,101.881,0.706
2024-01-11 10:00:00,22.61,101.354,0.692
2024-01-11 11:00:00,21.409,101.551,0.624
2024-01-11 12:00:00,19.768,101.566,0.453
2024-01-11 13:00:00,18.621,101.341,0.551
2024-01-11 14:00:00,17.327,101.391,0.709
2024-01-11 15:00:00,16.345,101.586,0.669
2024-01-11 16:00:00,13.957,101.66,0.536
2024-01-11 17:00:00,15.927,101.435,0.632
2024-01-11 18:00:00,14.467,101.466,0.448
2024-01-11 19:00:00,15.001,101.528,0.623
2024-01-11 20:00:00,14.254,101.943,0.743
2024-01-11 21:00:00,15.521,101.723,0.701
2024-01-11 22:00:00,16.366,102.015,0.723
2024-01-11 23:00:00,18.788,102.178,0.608
2024-01-12 00:00:00,18.781,102.173,0.579
2024-01-12 01:00:00,20.814,102.348,0.547
2024-01-12 02:00:00,21.11,102.716,0.673
2024-01-12 03:00:00,22.2,102.304,0.734
2024-01-12 04:00:00,23.056,102.215,0.664
2024-01-12 05:00:00,24.412,102.36,0.658
2024-01-12 06:00:00,22.619,102.146,0.478
2024-01-12 07:00:00,22.736,102.21,0.703
2024-01-12 08:00:00,21.801,101.892,0.779
2024-01-12 09:00:00,21.469,101.702,0.714
2024-01-12 10:00:00,20.547,101.351,0.701
2024-01-12 11:00:00,18.809,101.271,0.66
2024-01-12 12:00:00,17.996,101.156,0.441
2024-01-12 13:00:00,15.888,101.435,0.534
2024-01-12 14:00:00,15.237,101.152,0.736
2024-01-12 15:00:00,15.491,101.558,0.714
2024-01-12 16:00:00,14.18,101.42,0.662
2024-01-12 17:00:00,13.515,101.456,0.601
2024-01-12 18:00:00,12.596,101.467,0.381
2024-01-12 19:00:00,12.416,101.807,0.59
2024-01-12 20:00:00,13.125,101.724,0.636
2024-01-12 21:00:00,14.551,101.829,0.746
2024-01-12 22:00:00,16.11,102.28,0.723
2024-01-12 23:00:00,17.315,102.264,0.629
2024-01-13 00:00:00,18.429,102.261,0.52
2024-01-13 01:00:00,18.886,102.451,0.525
2024-01-13 02:00:00,20.537,102.381,0.703
2024-01-13 03:00:00,21.355,102.428,0.731
2024-01-13 04:00:00,22.215,102.206,0.735
2024-01-13 05:00:00,24.053,102.566,0.706
2024-01-13 06:00:00,21.943,102.071,0.415
2024-01-13 07:00:00,22.69,102.275,0.581
2024-01-13 08:00:00,23.063,101.887,0.636
2024-01-13 09:00:00,20.669,101.909,0.709
2024-01-13 10:00:00,20.136,101.777,0.674
2024-01-13 11:00:00,19.012,101.734,0.588
2024-01-13 12:00:00,17.916,101.353,0.551
2024-01-13 13:00:00,15.816,101.587,0.545
2024-01-13 14:00:00,15.946,101.682,0.621
2024-01-13 15:00:00,14.976,101.379,0.649
2024-01-13 16:00:00,14.113,101.469,0.655
2024-01-13 17:00:00,12.815,101.462,0.539
2024-01-13 18:00:00,13.25,101.59,0.498
2024-01-13 19:00:00,12.862,102.019,0.592
2024-01-13 20:00:00,13.738,101.742,0.634
2024-01-13 21:00:00,16.063,101.883,0.744
2024-01-13 22:00:00,15.905,102.391,0.67
2024-01-13 23:00:00,16.384,102.352,0.653
2024-01-14 00:00:00,18.545,102.663,0.49
2024-01-14 01:00:00,18.967,102.335,0.599
2024-01-14 02:00:00,20.314,102.446,0.645
2024-01-14 03:00:00,21.497,102.319,0.7
2024-01-14 04:00:00,22.703,102.398,0.709
2024-01-14 05:00:00,24.087,102.038,0.579
2024-01-14 06:00:00,24.1,102.309,0.526
2024-01-14 07:00:00,23.956,102.139,0.559
2024-01-14 08:00:00,22.544,101.955,0.711
2024-01-14 09:00:00,22.147,101.777,0.671
2024-01-14 10:00:00,21.663,101.58,0.716
2024-01-14 11:00:00,19.983,101.719,0.603
2024-01-14 12:00:00,18.965,101.352,0.576
2024-01-14 13:00:00,18.171,101.55,0.542
2024-01-14 14:00:00,16.56,101.764,0.599
2024-01-14 15:00:00,15.94,101.688,0.669
2024-01-14 16:00:00,16.036,101.286,0.604
2024-01-14 17:00:00,14.55,101.508,0.531
2024-01-14 18:00:00,15.263,101.753,0.531
2024-01-14 19:00:00,15.134,101.799,0.6
2024-01-14 20:00:00,14.491,101.73,0.649
2024-01-14 21:00:00,15.579,102.13,0.681
2024-01-14 22:00:00,16.85,102.196,0.643
2024-01-14 23:00:00,18.118,102.594,0.683
2024-01-15 00:00:00,19.946,102.355,0.463
2024-01-15 01:00:00,21.738,102.626,0.534
2024-01-15 02:00:00,23.403,102.285,0.713
2024-01-15 03:00:00,23.944,102.312,0.689
2024-01-15 04:00:00,24.361,102.533,0.775
2024-01-15 05:00:00,23.952,102.514,0.574
2024-01-15 06:00:00,25.487,102.111,0.542
2024-01-15 07:00:00,25.363,102.142,0.654
2024-01-15 08:00:00,25.029,101.804,0.647
2024-01-15 09:00:00,25.46,101.856,0.663
2024-01-15 10:00:00,23.975,101.888,0.71
2024-01-15 11:00:00,22.565,101.592,0.629
2024-01-15 12:00:00,20.291,101.538,0.429
2024-01-15 13:00:00,19.333,101.352,0.544
2024-01-15 14:00:00,18.443,101.403,0.546
2024-01-15 15:00:00,17.063,101.777,0.73
2024-01-15 16:00:00,17.097,101.571,0.66
2024-01-15 17:00:00,16.572,101.486,0.592
2024-01-15 18:00:00,15.594,101.691,0.415
2024-01-15 19:00:00,17.193,101.618,0.545
2024-01-15 20:00:00,17.092,101.836,0.649
2024-01-15 21:00:00,16.841,102.325,0.666
2024-01-15 22:00:00,18.935,102.224,0.679
2024-01-15 23:00:00,20.391,102.638,0.629
2024-01-16 00:00:00,22.147,102.426,0.613
2024-01-16 01:00:00,22.701,102.493,0.599
2024-01-16 02:00:00,24.649,102.62,0.729
2024-01-16 03:00:00,25.341,102.114,0.659
2024-01-16 04:00:00,25.273,102.503,0.589
2024-01-16 05:00:00,25.749,102.392,0.582
2024-01-16 06:00:00,27.475,102.525,0.42
2024-01-16 07:00:00,27.38,102.331,0.601
2024-01-16 08:00:00,26.386,101.89,0.634
2024-01-16 09:00:00,26.321,102.118,0.602
2024-01-16 10:00:00,25.045,101.771,0.76
2024-01-16 11:00:00,23.636,101.57,0.573
2024-01-16 12:00:00,21.403,101.653,0.418
2024-01-16 13:00:00,21.71,101.539,0.645
2024-01-16 14:00:00,19.799,101.779,0.637
2024-01-16 15:00:00,18.22,101.613,0.755
2024-01-16 16:00:00,17.263,101.639,0.637
2024-01-16 17:00:00,17.323,101.819,0.573
2024-01-16 18:00:00,15.997,101.95,0.517
2024-01-16 19:00:00,17.589,102.023,0.63
2024-01-16 20:00:00,17.092,102.249,0.712
2024-01-16 21:00:00,18.674,102.26,0.696
2024-01-16 22:00:00,19.165,102.318,0.7
2024-01-16 23:00:00,20.512,102.588,0.637
2024-01-17 00:00:00,21.496,102.475,0.51
2024-01-17 01:00:00,23.129,102.551,0.593
2024-01-17 02:00:00,25.545,102.83,0.601
2024-01-17 03:00:00,26.254,102.806,0.73
2024-01-17 04:00:00,26.405,102.519,0.675
2024-01-17 05:00:00,26.648,102.38,0.579
2024-01-17 06:00:00,27.308,102.57,0.564
2024-01-17 07:00:00,27.276,102.354,0.529
2024-01-17 08:00:00,25.564,102.155,0.755
2024-01-17 09:00:00,25.183,101.931,0.699
2024-01-17 10:00:00,23.059,101.908,0.689
2024-01-17 11:00:00,23.577,101.75,0.58
2024-01-17 12:00:00,22.803,101.572,0.417
2024-01-17 13:00:00,20.27,101.637,0.593
2024-01-17 14:00:00,17.691,101.636,0.69
2024-01-17 15:00:00,18.244,101.553,0.734
2024-01-17 16:00:00,16.488,101.791,0.663
2024-01-17 17:00:00,16.077,101.925,0.49
2024-01-17 18:00:00,16.623,101.979,0.423
2024-01-17 19:00:00,16.511,101.913,0.703
2024-01-17 20:00:00,16.504,102.198,0.619
2024-01-17 21:00:00,17.139,102.228,0.771
2024-01-17 22:00:00,18.576,102.156,0.627
2024-01-17 23:00:00,19.395,102.551,0.591
2024-01-18 00:00:00,20.202,102.559,0.531
2024-01-18 01:00:00,21.894,102.983,0.559
2024-01-18 02:00:00,23.434,102.838,0.753
2024-01-18 03:00:00,24.089,102.717,0.704
2024-01-18 04:00:00,24.072,102.606,0.696
2024-01-18 05:00:00,25.941,102.52,0.587
2024-01-18 06:00:00,23.802,102.248,0.533
2024-01-18 07:00:00,24.934,102.021,0.679
2024-01-18 08:00:00,24.256,102.025,0.667
2024-01-18 09:00:00,23.848,102.02,0.786
2024-01-18 10:00:00,22.986,101.591,0.643
2024-01-18 11:00:00,22.045,101.72,0.638
2024-01-18 12:00:00,19.573,101.682,0.524
2024-01-18 13:00:00,18.983,101.633,0.547
2024-01-18 14:00:00,17.468,101.545,0.684
2024-01-18 15:00:00,15.214,101.606,0.7
2024-01-18 16:00:00,16.512,101.962,0.631
2024-01-18 17:00:00,13.935,101.879,0.618
2024-01-18 18:00:00,14.807,101.798,0.507
2024-01-18 19:00:00,14.887,101.992,0.596
2024-01-18 20:00:00,15.246,102.128,0.67
2024-01-18 21:00:00,15.507,102.149,0.695
2024-01-18 22:00:00,17.266,102.274,0.655
2024-01-18 23:00:00,16.97,102.65,0.607
2024-01-19 00:00:00,19.093,102.522,0.468
2024-01-19 01:00:00,20.021,102.478,0.733
2024-01-19 02:00:00,21.094,102.661,0.603
2024-01-19 03:00:00,22.729,102.676,0.671
2024-01-19 04:00:00,23.85,102.32,0.648
2024-01-19 05:00:00,23.436,102.538,0.702
2024-01-19 06:00:00,24.221,102.576,0.434
2024-01-19 07:00:00,23.555,102.398,0.621
2024-01-19 08:00:00,22.434,102.538,0.686
2024-01-19 09:00:00,21.967,102.263,0.717
2024-01-19 10:00:00,20.854,102.172,0.735
2024-01-19 11:00:00,19.36,102.27,0.661
2024-01-19 12:00:00,18.693,101.881,0.477
2024-01-19 13:00:00,17.237,101.738,0.61
2024-01-19 14:00:00,14.893,101.839,0.58
2024-01-19 15:00:00,13.78,101.622,0.705
2024-01-19 16:00:00,14.193,101.768,0.634
2024-01-19 17:00:00,12.913,101.731,0.591
2024-01-19 18:00:00,13.379,101.99,0.416
2024-01-19 19:00:00,13.806,101.952,0.62
2024-01-19 20:00:00,13.046,102.077,0.588
2024-01-19 21:00:00,13.73,102.375,0.707
2024-01-19 22:00:00,16.594,102.417,0.612
2024-01-19 23:00:00,16.985,102.257,0.558
2024-01-20 00:00:00,17.799,102.414,0.558
2024-01-20 01:00:00,18.769,102.518,0.629
2024-01-20 02:00:00,20.216,102.583,0.731
2024-01-20 03:00:00,20.834,102.769,0.778
2024-01-20 04:00:00,22.866,102.697,0.635
2024-01-20 05:00:00,22.365,102.752,0.675
2024-01-20 06:00:00,23.656,102.607,0.427
2024-01-20 07:00:00,22.591,102.539,0.637
2024-01-20 08:00:00,21.71,102.343,0.649
2024-01-20 09:00:00,21.292,102.155,0.653
2024-01-20 10:00:00,18.948,102.168,0.704
2024-01-20 11:00:00,19.257,102.035,0.647
2024-01-20 12:00:00,17.948,101.872,0.546
2024-01-20 13:00:00,17.269,101.952,0.611
2024-01-20 14:00:00,14.457,101.389,0.68
2024-01-20 15:00:00,15.274,101.71,0.726
2024-01-20 16:00:00,14.3,101.754,0.688
2024-01-20 17:00:00,14.088,102.049,0.627
2024-01-20 18:00:00,13.166,102.214,0.51
2024-01-20 19:00:00,14.01,101.88,0.642
2024-01-20 20:00:00,13.055,102.44,0.592
2024-01-20 21:00:00,15.199,102.185,0.693
2024-01-20 22:00:00,15.385,102.314,0.604
2024-01-20 23:00:00,16.106,102.559,0.614
2024-01-21 00:00:00,17.762,102.633,0.582
2024-01-21 01:00:00,19.781,102.505,0.576
2024-01-21 02:00:00,20.539,102.861,0.68
2024-01-21 03:00:00,22.347,102.856,0.738
2024-01-21 04:00:00,21.885,102.87,0.57
2024-01-21 05:00:00,22.249,102.575,0.574
2024-01-21 06:00:00,24.576,102.536,0.518
2024-01-21 07:00:00,24.184,102.421,0.455
2024-01-21 08:00:00,22.574,102.553,0.624
2024-01-21 09:00:00,22.47,101.746,0.755
2024-01-21 10:00:00,22.112,101.907,0.723
2024-01-21 11:00:00,20.611,101.946,0.619
2024-01-21 12:00:00,19.221,101.7,0.544
2024-01-21 13:00:00,18.563,101.771,0.611
2024-01-21 14:00:00,16.331,101.77,0.701
2024-01-21 15:00:00,15.823,101.703,0.684
2024-01-21 16:00:00,15.07,101.857,0.679
2024-01-21 17:00:00,14.489,102.018,0.568
2024-01-21 18:00:00,14.321,101.99,0.563
2024-01-21 19:00:00,14.842,102.078,0.676
2024-01-21 20:00:00,15.392,102.252,0.742
2024-01-21 21:00:00,15.611,102.407,0.68
2024-01-21 22:00:00,17.832,102.272,0.626
2024-01-21 23:00:00,18.045,102.712,0.664
2024-01-22 00:00:00,19.869,102.661,0.527
2024-01-22 01:00:00,21.192,102.976,0.616
2024-01-22 02:00:00,22.864,102.9,0.642
2024-01-22 03:00:00,22.488,102.978,0.721
2024-01-22 04:00:00,25.163,102.609,0.619
2024-01-22 05:00:00,24.795,102.632,0.632
2024-01-22 06:00:00,26.177,102.404,0.569
2024-01-22 07:00:00,25.06,102.368,0.682
2024-01-22 08:00:00,24.89,102.535,0.709
2024-01-22 09:00:00,25.344,102.443,0.631
2024-01-22 10:00:00,23.064,101.926,0.683
2024-01-22 11:00:00,22.837,101.925,0.707
2024-01-22 12:00:00,20.891,101.9,0.457
2024-01-22 13:00:00,19.89,101.946,0.597
2024-01-22 14:00:00,18.542,101.573,0.744
2024-01-22 15:00:00,18.037,101.609,0.731
2024-01-22 16:00:00,16.385,101.969,0.797
2024-01-22 17:00:00,15.768,101.68,0.563
2024-01-22 18:00:00,15.864,102.007,0.451
2024-01-22 19:00:00,16.535,102.218,0.661
2024-01-22 20:00:00,16.898,102.387,0.613
2024-01-22 21:00:00,18.305,102.435,0.69
2024-01-22 22:00:00,19.749,102.526,0.67
2024-01-22 23:00:00,19.636,102.817,0.652
2024-01-23 00:00:00,21.123,102.82,0.531
2024-01-23 01:00:00,22.042,102.737,0.623
2024-01-23 02:00:00,25.371,102.865,0.653
2024-01-23 03:00:00,25.412,102.908,0.761
2024-01-23 04:00:00,26.35,103.066,0.874
2024-01-23 05:00:00,25.794,102.854,0.635
2024-01-23 06:00:00,26.801,102.82,0.505
2024-01-23 07:00:00,26.968,102.43,0.535
2024-01-23 08:00:00,26.04,102.317,0.641
2024-01-23 09:00:00,26.069,102.232,0.689
2024-01-23 10:00:00,25.798,102.125,0.646
2024-01-23 11:00:00,22.658,101.89,0.599
2024-01-23 12:00:00,21.337,102.149,0.589
2024-01-23 13:00:00,20.144,102.038,0.662
2024-01-23 14:00:00,20.441,101.839,0.665
2024-01-23 15:00:00,19.077,101.994,0.64
2024-01-23 16:00:00,17.583,101.977,0.74
2024-01-23 17:00:00,17.191,102.128,0.598
2024-01-23 18:00:00,16.51,101.92,0.414
2024-01-23 19:00:00,17.703,102.22,0.636
2024-01-23 20:00:00,17.436,102.364,0.724
2024-01-23 21:00:00,18.296,102.598,0.579
2024-01-23 22:00:00,19.843,102.535,0.632
2024-01-23 23:00:00,20.558,102.363,0.594
2024-01-24 00:00:00,21.809,102.662,0.537
2024-01-24 01:00:00,23.232,102.873,0.574
2024-01-24 02:00:00,24.888,102.917,0.632
2024-01-24 03:00:00,26.411,103.151,0.736
2024-01-24 04:00:00,26.543,102.944,0.65
2024-01-24 05:00:00,27.145,102.796,0.627
2024-01-24 06:00:00,26.682,102.681,0.444
2024-01-24 07:00:00,26.173,102.736,0.532
2024-01-24 08:00:00,26.455,102.355,0.711
2024-01-24 09:00:00,25.332,102.294,0.713
2024-01-24 10:00:00,23.299,102.031,0.719
2024-01-24 11:00:00,22.706,102.302,0.573
2024-01-24 12:00:00,21.514,102.066,0.46
2024-01-24 13:00:00,19.916,101.848,0.668
2024-01-24 14:00:00,19.855,101.915,0.597
2024-01-24 15:00:00,18.167,102.022,0.763
2024-01-24 16:00:00,17.854,101.954,0.739
2024-01-24 17:00:00,16.633,101.988,0.643
2024-01-24 18:00:00,16.296,102.072,0.466
2024-01-24 19:00:00,15.796,102.341,0.559
2024-01-24 20:00:00,16.804,102.367,0.663
2024-01-24 21:00:00,17.536,102.484,0.635
2024-01-24 22:00:00,17.68,102.477,0.625
2024-01-24 23:00:00,19.317,102.798,0.632
2024-01-25 00:00:00,20.674,102.846,0.532
2024-01-25 01:00:00,22.342,102.882,0.548
2024-01-25 02:00:00,23.507,102.985,0.707
2024-01-25 03:00:00,23.847,103.059,0.723
2024-01-25 04:00:00,25.201,103.01,0.749
2024-01-25 05:00:00,25.238,102.915,0.628
2024-01-25 06:00:00,23.723,102.698,0.553
2024-01-25 07:00:00,24.911,102.533,0.624
2024-01-25 08:00:00,25.276,102.335,0.722
2024-01-25 09:00:00,22.75,102.275,0.636
2024-01-25 10:00:00,22.717,102.246,0.667
2024-01-25 11:00:00,22.32,102.02,0.598
2024-01-25 12:00:00,19.544,102.07,0.488
2024-01-25 13:00:00,18.632,101.857,0.622
2024-01-25 14:00:00,16.568,101.731,0.705
2024-01-25 15:00:00,17.217,102.116,0.72
2024-01-25 16:00:00,15.322,101.969,0.664
2024-01-25 17:00:00,14.827,101.991,0.563
2024-01-25 18:00:00,15.368,102.054,0.555
2024-01-25 19:00:00,15.05,102.401,0.617
2024-01-25 20:00:00,14.555,102.675,0.622
2024-01-25 21:00:00,15.416,102.54,0.69
2024-01-25 22:00:00,17.066,102.693,0.586
2024-01-25 23:00:00,17.532,102.995,0.602
2024-01-26 00:00:00,20.862,100.649,0.49
2024-01-26 01:00:00,23.328,101.273,0.571
2024-01-26 02:00:00,23.612,101.37,0.752
2024-01-26 03:00:00,26.441,100.589,0.642
2024-01-26 04:00:00,26.31,100.938,0.709
2024-01-26 05:00:00,26.099,100.772,0.709
2024-01-26 06:00:00,26.334,100.742,0.554
2024-01-26 07:00:00,25.391,100.603,0.598
2024-01-26 08:00:00,25.31,100.661,0.617
2024-01-26 09:00:00,25.731,100.395,0.632
2024-01-26 10:00:00,25.373,100.154,0.653
2024-01-26 11:00:00,23.214,100.16,0.566
2024-01-26 12:00:00,21.381,100.18,0.464
2024-01-26 13:00:00,19.838,99.872,0.584
2024-01-26 14:00:00,18.274,99.782,0.668
2024-01-26 15:00:00,19.007,100.34,0.724
2024-01-26 16:00:00,16.825,99.991,0.611
2024-01-26 17:00:00,17.672,100.144,0.566
2024-01-26 18:00:00,17.034,100.206,0.492
2024-01-26 19:00:00,15.293,100.468,0.59
2024-01-26 20:00:00,13.409,102.782,0.765
2024-01-26 21:00:00,14.175,102.735,0.712
2024-01-26 22:00:00,15.541,102.546,0.593
2024-01-26 23:00:00,16.738,102.675,0.621
2024-01-27 00:00:00,19.848,102.909,0.527
2024-01-27 01:00:00,18.683,102.986,0.594
2024-01-27 02:00:00,20.66,102.793,0.613
2024-01-27 03:00:00,21.918,103.165,0.788
2024-01-27 04:00:00,22.335,102.837,0.62
2024-01-27 05:00:00,22.897,103.152,0.633
2024-01-27 06:00:00,22.373,103.103,0.51
2024-01-27 07:00:00,22.895,102.677,0.63
2024-01-27 08:00:00,22.643,102.653,0.759
2024-01-27 09:00:00,21.745,102.275,0.728
2024-01-27 10:00:00,20.864,102.432,0.645
2024-01-27 11:00:00,20.177,102.159,0.655
2024-01-27 12:00:00,18.612,101.988,0.468
2024-01-27 13:00:00,16.817,102.054,0.608
2024-01-27 14:00:00,14.886,102.007,0.609
2024-01-27 15:00:00,14.217,102.041,0.648
2024-01-27 16:00:00,13.676,102.278,0.676
2024-01-27 17:00:00,13.489,102.094,0.618
2024-01-27 18:00:00,12.911,102.574,0.415
2024-01-27 19:00:00,12.841,102.235,0.625
2024-01-27 20:00:00,13.225,102.807,0.632
2024-01-27 21:00:00,13.78,102.544,0.764
2024-01-27 22:00:00,15.707,102.821,0.656
2024-01-27 23:00:00,16.215,102.857,0.544
2024-01-28 00:00:00,17.836,102.965,0.504
2024-01-28 01:00:00,19.542,103.195,0.554
2024-01-28 02:00:00,20.232,103.324,0.737
2024-01-28 03:00:00,22.349,103.269,0.7
2024-01-28 04:00:00,23.414,102.988,0.666
2024-01-28 05:00:00,23.195,103.003,0.63
2024-01-28 06:00:00,23.491,102.761,0.45
2024-01-28 07:00:00,23.964,102.613,0.536
2024-01-28 08:00:00,22.775,102.464,0.694
2024-01-28 09:00:00,22.002,102.442,0.645
2024-01-28 10:00:00,22.218,102.424,0.618
2024-01-28 11:00:00,20.89,101.995,0.642
2024-01-28 12:00:00,19.493,102.192,0.526
2024-01-28 13:00:00,18.462,102.373,0.537
2024-01-28 14:00:00,15.583,102.293,0.642
2024-01-28 15:00:00,16.616,102.05,0.655
2024-01-28 16:00:00,15.316,101.974,0.762
2024-01-28 17:00:00,15.259,102.329,0.645
2024-01-28 18:00:00,14.787,102.014,0.479
2024-01-28 19:00:00,14.828,102.648,0.629
2024-01-28 20:00:00,15.207,102.58,0.605
2024-01-28 21:00:00,16.461,103.019,0.666
2024-01-28 22:00:00,17.163,102.61,0.678
2024-01-28 23:00:00,19.152,103.116,0.623
2024-01-29 00:00:00,19.048,103.05,0.495
2024-01-29 01:00:00,21.044,103.073,0.612
2024-01-29 02:00:00,23.876,102.942,0.677
2024-01-29 03:00:00,23.384,103.228,0.692
2024-01-29 04:00:00,24.485,103.198,0.658
2024-01-29 05:00:00,24.672,103.292,0.579
2024-01-29 06:00:00,25.647,103.077,0.512
2024-01-29 07:00:00,24.906,102.721,0.621
2024-01-29 08:00:00,24.808,102.533,0.683
2024-01-29 09:00:00,24.705,102.35,0.641
2024-01-29 10:00:00,22.811,102.656,0.623
2024-01-29 11:00:00,22.567,102.213,0.62
2024-01-29 12:00:00,21.361,102.469,0.574
2024-01-29 13:00:00,20.273,102.272,0.608
2024-01-29 14:00:00,18.584,102.222,0.653
2024-01-29 15:00:00,19.473,102.139,0.711
2024-01-29 16:00:00,17.429,102.331,0.616
2024-01-29 17:00:00,16.553,102.306,0.665
2024-01-29 18:00:00,15.721,102.354,0.509
2024-01-29 19:00:00,16.417,102.634,0.567
2024-01-29 20:00:00,17.886,102.639,0.665
2024-01-29 21:00:00,18.904,102.673,0.674
2024-01-29 22:00:00,19.853,103.007,0.739
2024-01-29 23:00:00,20.693,103.017,0.59
2024-01-30 00:00:00,20.81,103.186,0.508
2024-01-30 01:00:00,23.196,103.102,0.629
2024-01-30 02:00:00,23.408,103.014,0.636
2024-01-30 03:00:00,24.336,103.447,0.71
2024-01-30 04:00:00,26.206,103.376,0.687
2024-01-30 05:00:00,26.912,103.204,0.522
2024-01-30 06:00:00,27.344,102.916,0.513
2024-01-30 07:00:00,26.961,102.813,0.598
2024-01-30 08:00:00,26.511,102.939,0.68
2024-01-30 09:00:00,24.833,102.55,0.702
2024-01-30 10:00:00,24.348,102.388,0.686
2024-01-30 11:00:00,22.322,102.658,0.667
2024-01-30 12:00:00,20.748,102.288,0.441
2024-01-30 13:00:00,21.115,102.507,0.583
2024-01-30 14:00:00,19.026,102.011,0.707
2024-01-30 15:00:00,18.975,102.311,0.724
2024-01-30 16:00:00,18.329,102.59,0.696
2024-01-30 17:00:00,16.797,102.361,0.738
2024-01-30 18:00:00,17.354,102.418,0.531
2024-01-30 19:00:00,16.772,102.403,0.657
2024-01-30 20:00:00,16.557,102.871,0.658
2024-01-30 21:00:00,18.526,102.725,0.65
2024-01-30 22:00:00,19.195,102.951,0.657
2024-01-30 23:00:00,20.407,102.889,0.636
2024-01-31 00:00:00,23.135,103.394,0.52
2024-01-31 01:00:00,22.31,103.392,0.62
2024-01-31 02:00:00,24.641,103.239,0.662
2024-01-31 03:00:00,24.826,103.061,0.681
2024-01-31 04:00:00,26.737,103.423,0.664
2024-01-31 05:00:00,26.842,103.065,0.636
2024-01-31 06:00:00,27.03,102.856,0.542
2024-01-31 07:00:00,26.031,102.642,0.55
2024-01-31 08:00:00,25.603,102.683,0.711
2024-01-31 09:00:00,25.785,102.433,0.667
2024-01-31 10:00:00,25.215,102.437,0.697
2024-01-31 11:00:00,23.191,102.537,0.59
2024-01-31 12:00:00,21.025,102.287,0.578
2024-01-31 13:00:00,20.425,102.343,0.579
2024-01-31 14:00:00,20.423,102.16,0.682
2024-01-31 15:00:00,17.94,102.291,0.73
2024-01-31 16:00:00,17.907,102.616,0.63
2024-01-31 17:00:00,16.031,102.352,0.596
2024-01-31 18:00:00,16.222,102.564,0.487
2024-01-31 19:00:00,16.73,102.391,0.574
2024-01-31 20:00:00,17.035,102.984,0.651
2024-01-31 21:00:00,17.069,102.817,0.756
2024-01-31 22:00:00,18.014,103.171,0.643
2024-01-31 23:00:00,20.233,103.104,0.628
2024-02-01 00:00:00,21.583,103.3,0.516
2024-02-01 01:00:00,23.001,103.367,0.53
2024-02-01 02:00:00,24.313,103.224,0.699
2024-02-01 03:00:00,24.277,103.446,0.629
2024-02-01 04:00:00,24.733,103.126,0.705
2024-02-01 05:00:00,26.158,103.285,0.575
2024-02-01 06:00:00,25.873,103.012,0.5
2024-02-01 07:00:00,24.612,103.006,0.535
2024-02-01 08:00:00,24.008,102.758,0.679
2024-02-01 09:00:00,24.055,102.707,0.746
2024-02-01 10:00:00,22.543,102.418,0.633
2024-02-01 11:00:00,21.353,102.511,0.57
2024-02-01 12:00:00,20.644,102.398,0.523
2024-02-01 13:00:00,19.087,102.257,0.624
2024-02-01 14:00:00,18.148,102.308,0.551
2024-02-01 15:00:00,15.082,102.35,0.801
2024-02-01 16:00:00,15.524,102.283,0.7
2024-02-01 17:00:00,15.215,102.433,0.635
2024-02-01 18:00:00,13.639,102.403,0.493
2024-02-01 19:00:00,14.26,103.026,0.507
2024-02-01 20:00:00,14.576,102.963,0.707
2024-02-01 21:00:00,15.817,102.977,0.672
2024-02-01 22:00:00,17.746,103.237,0.7
2024-02-01 23:00:00,19.12,102.874,0.589
2024-02-02 00:00:00,18.644,102.873,0.512
2024-02-02 01:00:00,20.675,103.254,0.561
2024-02-02 02:00:00,21.835,103.133,0.716
2024-02-02 03:00:00,22.704,103.295,0.641
2024-02-02 04:00:00,23.443,103.319,0.785
2024-02-02 05:00:00,23.824,103.354,0.712
2024-02-02 06:00:00,24.766,102.947,0.582
2024-02-02 07:00:00,24.187,103.062,0.664
2024-02-02 08:00:00,22.334,102.878,0.669
2024-02-02 09:00:00,22.599,102.8,0.758
2024-02-02 10:00:00,21.569,102.549,0.668
2024-02-02 11:00:00,19.967,102.729,0.522
2024-02-02 12:00:00,19.115,102.424,0.575
2024-02-02 13:00:00,17.21,102.652,0.656
2024-02-02 14:00:00,15.968,102.246,0.672
2024-02-02 15:00:00,14.844,102.489,0.639
2024-02-02 16:00:00,12.727,102.415,0.644
2024-02-02 17:00:00,13.354,102.451,0.509
2024-02-02 18:00:00,12.797,102.697,0.547
2024-02-02 19:00:00,12.625,102.677,0.52
2024-02-02 20:00:00,14.669,102.453,0.688
2024-02-02 21:00:00,14.879,102.525,0.658
2024-02-02 22:00:00,15.571,103.3,0.602
2024-02-02 23:00:00,16.435,103.403,0.612
2024-02-03 00:00:00,18.228,103.588,0.483
2024-02-03 01:00:00,19.924,103.36,0.642
2024-02-03 02:00:00,20.026,103.194,0.61
2024-02-03 03:00:00,21.545,103.316,0.662
2024-02-03 04:00:00,22.857,103.338,0.554
2024-02-03 05:00:00,21.669,103.113,0.491
2024-02-03 06:00:00,22.965,103.413,0.59
2024-02-03 07:00:00,22.573,103.386,0.704
2024-02-03 08:00:00,22.255,102.995,0.678
2024-02-03 09:00:00,21.247,102.794,0.659
2024-02-03 10:00:00,20.605,102.48,0.658
2024-02-03 11:00:00,20.483,102.801,0.644
2024-02-03 12:00:00,17.856,102.499,0.474
2024-02-03 13:00:00,16.949,102.39,0.612
2024-02-03 14:00:00,16.786,102.485,0.673
2024-02-03 15:00:00,14.247,102.338,0.672
2024-02-03 16:00:00,14.897,102.494,0.647
2024-02-03 17:00:00,13.34,102.332,0.615
2024-02-03 18:00:00,14.267,102.813,0.451
2024-02-03 19:00:00,13.852,102.754,0.623
2024-02-03 20:00:00,14.122,103.074,0.65
2024-02-03 21:00:00,14.732,103.002,0.706
2024-02-03 22:00:00,15.473,103.137,0.742
2024-02-03 23:00:00,17.142,103.085,0.592
2024-02-04 00:00:00,18.975,103.467,0.546
2024-02-04 01:00:00,19.77,103.279,0.51
2024-02-04 02:00:00,20.844,103.362,0.65
2024-02-04 03:00:00,21.971,103.427,0.701
2024-02-04 04:00:00,23.565,103.403,0.769
2024-02-04 05:00:00,24.26,103.056,0.502
2024-02-04 06:00:00,23.353,103.18,0.495
2024-02-04 07:00:00,23.241,103.217,0.673
2024-02-04 08:00:00,23.431,102.915,0.634
2024-02-04 09:00:00,23.388,102.81,0.689
2024-02-04 10:00:00,22.188,102.747,0.69
2024-02-04 11:00:00,19.608,102.599,0.609
2024-02-04 12:00:00,18.974,102.381,0.578
2024-02-04 13:00:00,17.348,102.476,0.622
2024-02-04 14:00:00,16.609,102.61,0.74
2024-02-04 15:00:00,16.767,102.316,0.682
2024-02-04 16:00:00,14.227,102.464,0.636
2024-02-04 17:00:00,13.681,102.389,0.589
2024-02-04 18:00:00,14.058,102.839,0.442
2024-02-04 19:00:00,14.971,102.804,0.624
2024-02-04 20:00:00,15.744,102.821,0.654
2024-02-04 21:00:00,16.503,103.094,0.666
2024-02-04 22:00:00,18.056,103.025,0.698
2024-02-04 23:00:00,17.573,103.159,0.543
2024-02-05 00:00:00,20.713,103.182,0.539
2024-02-05 01:00:00,21.182,103.298,0.576
2024-02-05 02:00:00,23.088,103.687,0.731
2024-02-05 03:00:00,22.965,103.365,0.68
2024-02-05 04:00:00,24.631,103.502,0.705
2024-02-05 05:00:00,25.343,103.234,0.609
2024-02-05 06:00:00,26.138,103.376,0.537
2024-02-05 07:00:00,24.396,102.992,0.605
2024-02-05 08:00:00,24.938,103.025,0.59
2024-02-05 09:00:00,23.545,102.899,0.75
2024-02-05 10:00:00,23.534,103.12,0.669
2024-02-05 11:00:00,22.56,102.76,0.639
2024-02-05 12:00:00,21.64,102.494,0.535
2024-02-05 13:00:00,19.319,102.632,0.561
2024-02-05 14:00:00,19.056,102.829,0.627
2024-02-05 15:00:00,18.345,102.277,0.733
2024-02-05 16:00:00,15.811,102.441,0.658
2024-02-05 17:00:00,16.725,102.609,0.647
2024-02-05 18:00:00,16.822,102.683,0.491
2024-02-05 19:00:00,16.32,102.816,0.651
2024-02-05 20:00:00,16.304,102.801,0.694
2024-02-05 21:00:00,18.444,103.339,0.714
2024-02-05 22:00:00,18.246,103.04,0.655
2024-02-05 23:00:00,20.115,103.332,0.612
2024-02-06 00:00:00,21.54,103.606,0.56
2024-02-06 01:00:00,23.333,103.502,0.597
2024-02-06 02:00:00,23.776,103.385,0.7
2024-02-06 03:00:00,24.818,103.32,0.702
2024-02-06 04:00:00,26.122,103.446,0.679
2024-02-06 05:00:00,27.202,103.294,0.686
2024-02-06 06:00:00,28.174,103.341,0.56
2024-02-06 07:00:00,25.758,102.984,0.604
2024-02-06 08:00:00,26.381,103.19,0.684
2024-02-06 09:00:00,24.771,102.957,0.665
2024-02-06 10:00:00,25.022,102.847,0.665
2024-02-06 11:00:00,22.663,102.93,0.615
2024-02-06 12:00:00,21.545,102.566,0.543
2024-02-06 13:00:00,20.317,102.469,0.637
2024-02-06 14:00:00,19.432,102.474,0.618
2024-02-06 15:00:00,31.843,102.541,0.749
2024-02-06 16:00:00,17.955,102.602,0.669
2024-02-06 17:00:00,17.166,102.568,0.551
2024-02-06 18:00:00,16.202,102.49,0.567
2024-02-06 19:00:00,17.606,102.83,0.673
2024-02-06 20:00:00,17.633,103.098,0.686
2024-02-06 21:00:00,19.149,103.197,0.735
2024-02-06 22:00:00,19.053,103.481,0.712
2024-02-06 23:00:00,19.71,103.704,0.67
2024-02-07 00:00:00,21.929,103.611,0.536
2024-02-07 01:00:00,24.004,103.762,0.534
2024-02-07 02:00:00,24.508,103.694,0.774
2024-02-07 03:00:00,25.303,103.827,0.753
2024-02-07 04:00:00,25.67,103.806,0.648
2024-02-07 05:00:00,27.717,103.599,0.549
2024-02-07 06:00:00,26.184,103.464,0.525
2024-02-07 07:00:00,26.163,103.211,0.586
2024-02-07 08:00:00,26.404,103.109,0.69
2024-02-07 09:00:00,24.115,102.937,0.737
2024-02-07 10:00:00,24.917,102.96,0.645
2024-02-07 11:00:00,23.278,102.653,0.544
2024-02-07 12:00:00,22.103,102.651,0.519
2024-02-07 13:00:00,20.557,102.272,0.573
2024-02-07 14:00:00,18.869,102.863,0.681
2024-02-07 15:00:00,17.241,102.584,0.633
2024-02-07 16:00:00,16.946,102.732,0.661
2024-02-07 17:00:00,5.031,102.959,0.636
2024-02-07 18:00:00,16.539,102.887,0.53
2024-02-07 19:00:00,16.842,103.179,0.561
2024-02-07 20:00:00,17.683,102.906,0.615
2024-02-07 21:00:00,17.752,103.584,0.701
2024-02-07 22:00:00,19.055,103.512,0.701
2024-02-07 23:00:00,19.462,103.49,0.62
2024-02-08 00:00:00,20.581,103.758,0.474
2024-02-08 01:00:00,22.378,103.427,0.615
2024-02-08 02:00:00,22.999,103.584,0.748
2024-02-08 03:00:00,24.358,103.835,0.71
2024-02-08 04:00:00,24.283,103.296,0.592
2024-02-08 05:00:00,24.818,103.588,0.61
2024-02-08 06:00:00,25.826,103.486,0.602
2024-02-08 07:00:00,25.733,103.585,0.536
2024-02-08 08:00:00,24.037,102.926,0.675
2024-02-08 09:00:00,24.162,103.277,0.689
2024-02-08 10:00:00,22.33,102.831,0.678
2024-02-08 11:00:00,21.379,102.742,0.61
2024-02-08 12:00:00,20.85,102.544,0.557
2024-02-08 13:00:00,19.116,102.511,0.604
2024-02-08 14:00:00,17.828,102.713,0.737
2024-02-08 15:00:00,17.386,102.499,0.694
2024-02-08 16:00:00,14.949,102.823,0.656
2024-02-08 17:00:00,14.207,102.689,0.567
2024-02-08 18:00:00,14.122,102.708,0.409
2024-02-08 19:00:00,14.5,102.931,0.614
2024-02-08 20:00:00,13.668,103.191,0.776
2024-02-08 21:00:00,15.679,103.231,0.723
2024-02-08 22:00:00,16.443,103.402,0.708
2024-02-08 23:00:00,18.376,103.611,0.579
2024-02-09 00:00:00,19.344,103.755,0.488
2024-02-09 01:00:00,19.999,103.604,0.649
2024-02-09 02:00:00,21.854,103.519,0.774
2024-02-09 03:00:00,22.905,103.678,0.774
2024-02-09 04:00:00,22.742,103.695,0.713
2024-02-09 05:00:00,23.346,103.333,0.602
2024-02-09 06:00:00,22.418,103.321,0.51
2024-02-09 07:00:00,22.871,103.23,0.562
2024-02-09 08:00:00,22.524,103.18,0.601
2024-02-09 09:00:00,22.166,102.969,0.644
2024-02-09 10:00:00,20.467,103.069,0.676
2024-02-09 11:00:00,19.47,102.617,0.585
2024-02-09 12:00:00,17.701,102.538,0.427
2024-02-09 13:00:00,17.199,102.672,0.598
2024-02-09 14:00:00,16.103,102.674,0.657
2024-02-09 15:00:00,15.012,102.495,0.641
2024-02-09 16:00:00,13.945,102.669,0.655
2024-02-09 17:00:00,12.477,102.776,0.584
2024-02-09 18:00:00,12.826,102.879,0.469
2024-02-09 19:00:00,13.093,103.081,0.646
2024-02-09 20:00:00,13.566,103.089,0.578
2024-02-09 21:00:00,14.622,103.542,0.601
2024-02-09 22:00:00,16.444,103.519,0.673
2024-02-09 23:00:00,17.261,103.433,0.605
2024-02-10 00:00:00,17.458,103.655,0.52
2024-02-10 01:00:00,19.736,103.717,0.573
2024-02-10 02:00:00,20.907,103.906,0.627
2024-02-10 03:00:00,21.064,103.624,0.7
2024-02-10 04:00:00,22.845,103.787,0.651
2024-02-10 05:00:00,22.735,103.606,0.678
2024-02-10 06:00:00,22.154,103.726,0.484
2024-02-10 07:00:00,23.104,103.58,0.597
2024-02-10 08:00:00,22.466,103.289,0.797
2024-02-10 09:00:00,21.412,103.092,0.69
2024-02-10 10:00:00,20.5,103.087,0.701
2024-02-10 11:00:00,18.898,102.878,0.632
2024-02-10 12:00:00,18.416,103.075,0.537
2024-02-10 13:00:00,16.748,102.781,0.614
2024-02-10 14:00:00,15.689,102.688,0.683
2024-02-10 15:00:00,14.791,102.693,0.705
2024-02-10 16:00:00,13.115,102.626,0.644
2024-02-10 17:00:00,12.801,102.968,0.616
2024-02-10 18:00:00,11.872,102.863,0.601
2024-02-10 19:00:00,13.741,103.271,0.661
2024-02-10 20:00:00,13.21,103.042,0.688
2024-02-10 21:00:00,14.851,103.388,0.743
2024-02-10 22:00:00,16.07,103.666,0.63
2024-02-10 23:00:00,17.458,103.28,0.587
2024-02-11 00:00:00,17.714,103.991,0.547
2024-02-11 01:00:00,19.739,103.683,0.674
2024-02-11 02:00:00,22.036,103.793,0.635
2024-02-11 03:00:00,23.15,103.848,0.676
2024-02-11 04:00:00,23.562,103.829,0.782
2024-02-11 05:00:00,23.728,103.689,0.605
2024-02-11 06:00:00,23.15,103.7,0.591
2024-02-11 07:00:00,24.073,103.512,0.61
2024-02-11 08:00:00,23.109,103.572,0.686
2024-02-11 09:00:00,22.808,103.258,0.685
2024-02-11 10:00:00,21.12,103.353,0.72
2024-02-11 11:00:00,20.256,103.089,0.668
2024-02-11 12:00:00,19.231,102.6,0.448
2024-02-11 13:00:00,18.054,103.209,0.582
2024-02-11 14:00:00,17.066,102.71,0.719
2024-02-11 15:00:00,15.456,103.034,0.694
2024-02-11 16:00:00,14.274,102.86,0.375
2024-02-11 17:00:00,15.628,103.091,0.355
2024-02-11 18:00:00,16.049,102.931,0.447
2024-02-11 19:00:00,15.067,103.248,0.464
2024-02-11 20:00:00,14.577,103.246,1.433
2024-02-11 21:00:00,15.777,103.653,0.482
2024-02-11 22:00:00,17.656,103.607,0.766
2024-02-11 23:00:00,19.436,103.791,0.375
2024-02-12 00:00:00,19.272,103.412,0.266
2024-02-12 01:00:00,21.294,103.781,-0.13
2024-02-12 02:00:00,22.767,103.881,0.009
2024-02-12 03:00:00,24.278,103.844,0.164
2024-02-12 04:00:00,24.422,103.912,0.769
2024-02-12 05:00:00,33.328,103.641,0.932
2024-02-12 06:00:00,25.818,103.605,-0.265
2024-02-12 07:00:00,26.022,103.659,0.287
2024-02-12 08:00:00,24.87,103.014,0.147
2024-02-12 09:00:00,24.439,103.316,0.504
2024-02-12 10:00:00,22.946,103.057,1.105
2024-02-12 11:00:00,21.586,102.865,0.503
2024-02-12 12:00:00,21.484,102.97,0.565
2024-02-12 13:00:00,19.873,103.05,1.092
2024-02-12 14:00:00,18.794,103.0,0.871
2024-02-12 15:00:00,18.43,102.837,0.347
2024-02-12 16:00:00,16.164,103.035,0.677
2024-02-12 17:00:00,16.027,103.11,0.263
2024-02-12 18:00:00,16.342,103.069,0.73
2024-02-12 19:00:00,16.136,103.098,0.836
2024-02-12 20:00:00,17.5,103.237,0.091
2024-02-12 21:00:00,17.766,103.59,0.805
2024-02-12 22:00:00,18.371,103.583,0.561
2024-02-12 23:00:00,20.261,103.542,0.562
2024-02-13 00:00:00,21.666,103.532,0.459
2024-02-13 01:00:00,23.464,103.967,0.604
2024-02-13 02:00:00,24.388,103.785,0.663
2024-02-13 03:00:00,25.506,103.908,0.693
2024-02-13 04:00:00,26.254,104.002,0.664
2024-02-13 05:00:00,26.485,103.548,0.601
2024-02-13 06:00:00,26.372,103.639,0.527
2024-02-13 07:00:00,26.836,103.504,0.607
2024-02-13 08:00:00,25.992,103.461,0.659
2024-02-13 09:00:00,26.437,103.461,0.72
2024-02-13 10:00:00,25.216,102.955,0.715
2024-02-13 11:00:00,23.606,103.135,0.572
2024-02-13 12:00:00,22.177,103.122,0.497
2024-02-13 13:00:00,20.618,102.886,0.658
2024-02-13 14:00:00,18.721,102.872,0.618
2024-02-13 15:00:00,18.322,102.968,0.79
2024-02-13 16:00:00,17.725,103.003,0.606
2024-02-13 17:00:00,17.307,103.116,0.583
2024-02-13 18:00:00,17.282,103.214,0.452
2024-02-13 19:00:00,17.722,103.103,0.709
2024-02-13 20:00:00,17.249,103.529,0.648
2024-02-13 21:00:00,18.042,103.687,0.675
2024-02-13 22:00:00,20.348,103.665,0.655
2024-02-13 23:00:00,21.134,103.522,0.605
2024-02-14 00:00:00,21.715,103.816,0.484
2024-02-14 01:00:00,23.162,103.919,0.593
2024-02-14 02:00:00,24.35,103.744,0.497
2024-02-14 03:00:00,25.442,103.853,0.703
2024-02-14 04:00:00,26.475,103.653,0.674
2024-02-14 05:00:00,28.184,103.883,0.652
2024-02-14 06:00:00,26.916,103.719,0.565
2024-02-14 07:00:00,26.995,103.331,0.591
2024-02-14 08:00:00,25.05,103.504,0.714
2024-02-14 09:00:00,24.938,103.315,0.645
2024-02-14 10:00:00,24.89,103.28,0.712
2024-02-14 11:00:00,23.145,103.039,0.571
2024-02-14 12:00:00,18.93,102.895,0.441
2024-02-14 13:00:00,20.626,102.846,0.591
2024-02-14 14:00:00,20.117,102.86,0.743
2024-02-14 15:00:00,16.681,102.956,0.709
2024-02-14 16:00:00,17.942,103.022,0.748
2024-02-14 17:00:00,14.812,103.048,0.563
2024-02-14 18:00:00,16.81,103.114,0.552
2024-02-14 19:00:00,16.353,103.245,0.567
2024-02-14 20:00:00,15.387,103.805,0.684
2024-02-14 21:00:00,17.796,103.445,0.711
2024-02-14 22:00:00,19.191,103.602,0.706
2024-02-14 23:00:00,19.859,104.289,0.613
2024-02-15 00:00:00,21.219,103.944,0.463
2024-02-15 01:00:00,21.847,103.731,0.644
2024-02-15 02:00:00,22.114,104.09,0.76
2024-02-15 03:00:00,24.611,103.818,0.671
2024-02-15 04:00:00,25.969,104.049,0.581
2024-02-15 05:00:00,26.025,103.808,0.625
2024-02-15 06:00:00,24.252,103.676,0.483
2024-02-15 07:00:00,24.293,103.867,0.593
2024-02-15 08:00:00,24.121,103.585,0.701
2024-02-15 09:00:00,22.804,103.517,0.677
2024-02-15 10:00:00,22.676,103.316,0.66
2024-02-15 11:00:00,21.605,103.079,0.595
2024-02-15 12:00:00,19.142,103.155,0.573
2024-02-15 13:00:00,19.097,103.191,0.602
2024-02-15 14:00:00,17.711,103.009,0.611
2024-02-15 15:00:00,15.912,103.272,0.64
2024-02-15 16:00:00,15.268,103.175,0.68
2024-02-15 17:00:00,13.629,103.156,0.544
2024-02-15 18:00:00,14.356,103.264,0.422
2024-02-15 19:00:00,14.657,103.367,0.632
2024-02-15 20:00:00,15.182,103.289,0.707
2024-02-15 21:00:00,16.031,103.595,0.682
2024-02-15 22:00:00,16.916,103.766,0.688
2024-02-15 23:00:00,17.748,103.78,0.609
2024-02-16 00:00:00,19.304,103.979,0.53
2024-02-16 01:00:00,20.961,103.99,0.63
2024-02-16 02:00:00,21.443,104.127,0.543
2024-02-16 03:00:00,22.662,104.102,0.688
2024-02-16 04:00:00,23.092,103.985,0.699
2024-02-16 05:00:00,23.254,103.683,0.579
2024-02-16 06:00:00,24.067,104.059,0.502
2024-02-16 07:00:00,23.192,103.653,0.638
2024-02-16 08:00:00,23.201,103.535,0.677
2024-02-16 09:00:00,22.138,103.368,0.775
2024-02-16 10:00:00,20.852,103.225,0.73
2024-02-16 11:00:00,19.581,103.425,0.594
2024-02-16 12:00:00,18.131,103.319,0.49
2024-02-16 13:00:00,16.109,103.124,0.457
2024-02-16 14:00:00,16.077,103.02,0.657
2024-02-16 15:00:00,14.91,103.142,0.632
2024-02-16 16:00:00,14.448,103.107,0.684
2024-02-16 17:00:00,13.083,103.144,0.608
2024-02-16 18:00:00,14.335,103.325,0.535
2024-02-16 19:00:00,13.109,103.328,0.67
2024-02-16 20:00:00,13.283,103.562,0.672
2024-02-16 21:00:00,13.98,103.687,0.814
2024-02-16 22:00:00,14.549,103.872,0.685
2024-02-16 23:00:00,17.694,103.798,0.534
2024-02-17 00:00:00,18.873,104.083,0.472
2024-02-17 01:00:00,19.689,103.898,0.581
2024-02-17 02:00:00,19.985,103.974,0.703
2024-02-17 03:00:00,22.635,103.971,0.653
2024-02-17 04:00:00,22.125,103.848,0.658
2024-02-17 05:00:00,22.67,104.088,0.592
2024-02-17 06:00:00,23.862,103.693,0.478
2024-02-17 07:00:00,23.226,103.617,0.641
2024-02-17 08:00:00,23.656,103.784,0.705
2024-02-17 09:00:00,21.697,103.382,0.758
2024-02-17 10:00:00,20.284,103.318,0.657
2024-02-17 11:00:00,18.962,103.09,0.66
2024-02-17 12:00:00,16.942,103.284,0.432
2024-02-17 13:00:00,16.607,103.233,0.531
2024-02-17 14:00:00,16.276,103.195,0.613
2024-02-17 15:00:00,14.936,103.178,0.7
2024-02-17 16:00:00,13.82,103.155,0.733
2024-02-17 17:00:00,12.74,103.142,0.57
2024-02-17 18:00:00,13.334,103.2,0.476
2024-02-17 19:00:00,14.01,103.635,0.589
2024-02-17 20:00:00,14.196,103.687,0.702
2024-02-17 21:00:00,14.871,103.6,0.676
2024-02-17 22:00:00,15.369,103.835,0.647
2024-02-17 23:00:00,17.617,103.893,0.533
2024-02-18 00:00:00,16.557,103.856,0.471
2024-02-18 01:00:00,20.008,104.109,0.659
2024-02-18 02:00:00,22.576,104.045,0.678
2024-02-18 03:00:00,21.216,103.956,0.663
2024-02-18 04:00:00,22.825,103.834,0.735
2024-02-18 05:00:00,23.52,103.749,0.571
2024-02-18 06:00:00,23.475,103.83,0.571
2024-02-18 07:00:00,24.264,103.757,0.67
2024-02-18 08:00:00,23.487,103.512,0.676
2024-02-18 09:00:00,22.563,103.613,0.625
2024-02-18 10:00:00,21.978,103.385,0.788
2024-02-18 11:00:00,20.37,103.376,0.619
2024-02-18 12:00:00,21.04,103.18,0.484
2024-02-18 13:00:00,17.997,103.036,0.648
2024-02-18 14:00:00,16.886,103.15,0.708
2024-02-18 15:00:00,14.778,102.956,0.766
2024-02-18 16:00:00,14.754,103.273,0.64
2024-02-18 17:00:00,15.341,103.128,0.616
2024-02-18 18:00:00,13.754,103.508,0.441
2024-02-18 19:00:00,13.504,103.439,0.633
2024-02-18 20:00:00,15.391,103.78,0.672
2024-02-18 21:00:00,17.063,103.584,0.714
2024-02-18 22:00:00,17.376,103.776,0.666
2024-02-18 23:00:00,18.429,104.044,0.587
2024-02-19 00:00:00,18.885,104.248,0.457
2024-02-19 01:00:00,21.64,104.38,0.64
2024-02-19 02:00:00,23.046,104.162,0.748
2024-02-19 03:00:00,22.69,104.422,0.672
2024-02-19 04:00:00,25.309,104.061,0.701
2024-02-19 05:00:00,25.661,104.197,0.622
2024-02-19 06:00:00,26.124,103.793,0.5
2024-02-19 07:00:00,25.697,103.881,0.524
2024-02-19 08:00:00,25.312,103.34,0.608
2024-02-19 09:00:00,24.509,103.395,0.661
2024-02-19 10:00:00,23.752,103.513,0.566
2024-02-19 11:00:00,21.003,103.141,0.67
2024-02-19 12:00:00,19.967,103.319,0.518
2024-02-19 13:00:00,19.199,103.338,0.599
2024-02-19 14:00:00,18.422,103.105,0.564
2024-02-19 15:00:00,17.761,103.048,0.609
2024-02-19 16:00:00,16.991,103.169,0.673
2024-02-19 17:00:00,17.028,103.171,0.699
2024-02-19 18:00:00,16.936,103.403,0.465
2024-02-19 19:00:00,15.952,103.553,0.643
2024-02-19 20:00:00,17.173,103.623,0.649
2024-02-19 21:00:00,17.37,104.052,0.703
2024-02-19 22:00:00,18.853,103.817,0.734
2024-02-19 23:00:00,20.415,104.243,0.583
2024-02-20 00:00:00,19.518,103.965,0.465
2024-02-20 01:00:00,24.35,104.189,0.671
2024-02-20 02:00:00,24.492,104.381,0.675
2024-02-20 03:00:00,24.872,104.364,0.755
2024-02-20 04:00:00,27.219,104.089,0.639
2024-02-20 05:00:00,26.389,104.163,0.67
2024-02-20 06:00:00,26.881,104.045,0.514
2024-02-20 07:00:00,26.37,103.785,0.622
2024-02-20 08:00:00,27.183,103.832,0.68
2024-02-20 09:00:00,25.36,103.891,0.675
2024-02-20 10:00:00,24.501,103.561,0.673
2024-02-20 11:00:00,23.948,103.47,0.578
2024-02-20 12:00:00,22.301,103.404,0.548
2024-02-20 13:00:00,20.638,103.031,0.59
2024-02-20 14:00:00,20.144,103.298,0.598
2024-02-20 15:00:00,19.975,103.089,0.616
2024-02-20 16:00:00,17.855,103.199,0.587
2024-02-20 17:00:00,17.239,103.688,0.631
2024-02-20 18:00:00,17.102,103.428,0.442
2024-02-20 19:00:00,17.955,103.475,0.615
2024-02-20 20:00:00,17.305,103.889,0.68
2024-02-20 21:00:00,18.285,103.706,0.697
2024-02-20 22:00:00,18.555,103.906,0.695
2024-02-20 23:00:00,19.961,104.27,0.608
2024-02-21 00:00:00,21.639,104.175,0.365
2024-02-21 01:00:00,23.192,103.992,0.584
2024-02-21 02:00:00,25.473,104.333,0.694
2024-02-21 03:00:00,25.745,104.183,0.782
2024-02-21 04:00:00,25.645,104.431,0.758
2024-02-21 05:00:00,26.226,104.037,0.532
2024-02-21 06:00:00,27.627,104.188,0.483
2024-02-21 07:00:00,27.274,104.18,0.522
2024-02-21 08:00:00,26.079,103.66,0.749
2024-02-21 09:00:00,24.963,103.631,0.751
2024-02-21 10:00:00,24.827,103.597,0.691
2024-02-21 11:00:00,22.307,103.305,0.608
2024-02-21 12:00:00,21.799,103.392,0.569
2024-02-21 13:00:00,21.585,103.264,0.661
2024-02-21 14:00:00,19.089,103.24,0.731
2024-02-21 15:00:00,17.413,103.297,0.723
2024-02-21 16:00:00,17.276,103.346,0.656
2024-02-21 17:00:00,16.193,103.437,0.638
2024-02-21 18:00:00,15.411,103.424,0.541
2024-02-21 19:00:00,16.779,103.551,0.59
2024-02-21 20:00:00,17.467,103.747,0.656
2024-02-21 21:00:00,17.342,103.89,0.757
2024-02-21 22:00:00,18.274,103.955,0.756
2024-02-21 23:00:00,19.064,104.179,0.563
2024-02-22 00:00:00,20.778,103.945,0.487
2024-02-22 01:00:00,21.756,104.165,0.618
2024-02-22 02:00:00,22.624,104.257,0.698
2024-02-22 03:00:00,25.331,104.162,0.674
2024-02-22 04:00:00,25.2,104.493,0.767
2024-02-22 05:00:00,25.691,104.179,0.621
2024-02-22 06:00:00,25.975,104.105,0.527
2024-02-22 07:00:00,25.664,103.89,0.688
2024-02-22 08:00:00,24.38,103.833,0.651
2024-02-22 09:00:00,23.923,103.525,0.696
2024-02-22 10:00:00,22.488,103.561,0.611
2024-02-22 11:00:00,21.632,103.341,0.591
2024-02-22 12:00:00,20.205,103.358,0.426
2024-02-22 13:00:00,18.402,102.962,0.637
2024-02-22 14:00:00,16.553,103.155,0.694
2024-02-22 15:00:00,16.328,103.557,0.686
2024-02-22 16:00:00,15.249,103.508,0.668
2024-02-22 17:00:00,13.664,103.658,0.638
2024-02-22 18:00:00,14.86,103.77,0.443
2024-02-22 19:00:00,15.232,103.783,0.61
2024-02-22 20:00:00,16.597,103.744,0.708
2024-02-22 21:00:00,15.569,103.789,0.611
2024-02-22 22:00:00,16.446,104.241,0.707
2024-02-22 23:00:00,17.24,104.188,0.516
2024-02-23 00:00:00,19.257,104.639,0.494
2024-02-23 01:00:00,20.481,104.268,0.542
2024-02-23 02:00:00,21.013,104.643,0.745
2024-02-23 03:00:00,22.367,104.315,0.642
2024-02-23 04:00:00,22.016,104.497,0.591
2024-02-23 05:00:00,24.198,104.478,0.607
2024-02-23 06:00:00,23.291,103.973,0.479
2024-02-23 07:00:00,23.504,103.937,0.525
2024-02-23 08:00:00,22.114,103.729,0.699
2024-02-23 09:00:00,21.772,103.571,0.6
2024-02-23 10:00:00,20.866,103.735,0.621
2024-02-23 11:00:00,19.771,103.5,0.571
2024-02-23 12:00:00,18.724,103.455,0.54
2024-02-23 13:00:00,17.96,103.477,0.665
2024-02-23 14:00:00,16.287,103.094,0.728
2024-02-23 15:00:00,15.348,103.578,0.692
2024-02-23 16:00:00,14.805,103.379,0.552
2024-02-23 17:00:00,13.744,103.588,0.62
2024-02-23 18:00:00,13.176,103.703,0.574
2024-02-23 19:00:00,13.943,103.936,0.662
2024-02-23 20:00:00,4.025,103.845,0.696
2024-02-23 21:00:00,14.966,103.674,0.641
2024-02-23 22:00:00,14.716,104.126,0.647
2024-02-23 23:00:00,16.269,104.257,0.697
2024-02-24 00:00:00,17.885,104.158,0.429
2024-02-24 01:00:00,6.562,104.392,0.543
2024-02-24 02:00:00,20.51,104.341,0.72
2024-02-24 03:00:00,22.23,104.185,0.678
2024-02-24 04:00:00,23.125,104.445,0.614
2024-02-24 05:00:00,23.551,104.187,0.676
2024-02-24 06:00:00,23.723,104.113,0.523
2024-02-24 07:00:00,22.209,103.989,0.581
2024-02-24 08:00:00,22.625,104.117,0.616
2024-02-24 09:00:00,21.184,103.797,0.802
2024-02-24 10:00:00,19.533,103.695,0.672
2024-02-24 11:00:00,19.156,103.511,0.67
2024-02-24 12:00:00,18.845,103.565,0.545
2024-02-24 13:00:00,17.05,103.644,0.574
2024-02-24 14:00:00,16.8,103.518,0.648
2024-02-24 15:00:00,14.683,103.536,0.772
2024-02-24 16:00:00,15.277,103.571,0.746
2024-02-24 17:00:00,13.444,103.349,0.506
2024-02-24 18:00:00,13.212,103.526,0.527
2024-02-24 19:00:00,12.635,103.747,0.594
2024-02-24 20:00:00,14.604,103.8,0.622
2024-02-24 21:00:00,14.47,103.881,0.713
2024-02-24 22:00:00,15.459,103.884,0.606
2024-02-24 23:00:00,17.865,104.072,0.577
2024-02-25 00:00:00,19.131,104.322,0.46
2024-02-25 01:00:00,20.457,104.408,0.575
2024-02-25 02:00:00,20.817,104.324,0.67
2024-02-25 03:00:00,22.091,104.446,0.649
2024-02-25 04:00:00,22.934,104.327,0.752
2024-02-25 05:00:00,23.995,104.483,0.625
2024-02-25 06:00:00,24.685,104.198,0.59
2024-02-25 07:00:00,23.863,104.211,0.592
2024-02-25 08:00:00,24.388,104.01,0.646
2024-02-25 09:00:00,23.01,103.641,0.788
2024-02-25 10:00:00,21.359,103.717,0.644
2024-02-25 11:00:00,20.857,103.44,0.591
2024-02-25 12:00:00,20.156,103.527,0.536
2024-02-25 13:00:00,19.105,103.378,0.538
2024-02-25 14:00:00,17.481,103.526,0.709
2024-02-25 15:00:00,15.819,103.28,0.729
2024-02-25 16:00:00,14.95,103.53,0.737
2024-02-25 17:00:00,14.998,103.69,0.645
2024-02-25 18:00:00,15.559,103.842,0.565
2024-02-25 19:00:00,15.059,103.711,0.594
2024-02-25 20:00:00,15.645,103.959,0.63
2024-02-25 21:00:00,16.271,104.116,0.805
2024-02-25 22:00:00,17.154,104.445,0.597
2024-02-25 23:00:00,18.534,104.1,0.529
2024-02-26 00:00:00,20.081,104.272,0.528
2024-02-26 01:00:00,22.4,104.887,0.681
2024-02-26 02:00:00,22.506,104.45,0.683
2024-02-26 03:00:00,23.791,104.199,0.75
2024-02-26 04:00:00,24.109,104.353,0.573
2024-02-26 05:00:00,25.631,103.953,0.575
2024-02-26 06:00:00,26.265,104.306,0.406
2024-02-26 07:00:00,26.322,104.276,0.639
2024-02-26 08:00:00,25.042,103.891,0.596
2024-02-26 09:00:00,24.541,103.829,0.636
2024-02-26 10:00:00,23.139,103.917,0.699
2024-02-26 11:00:00,22.411,103.411,0.653
2024-02-26 12:00:00,21.056,103.393,0.492
2024-02-26 13:00:00,19.675,103.503,0.629
2024-02-26 14:00:00,18.583,103.404,0.7
2024-02-26 15:00:00,17.8,103.485,0.689
2024-02-26 16:00:00,16.62,103.386,0.618
2024-02-26 17:00:00,16.213,103.684,0.628
2024-02-26 18:00:00,17.271,103.731,0.531
2024-02-26 19:00:00,18.101,103.956,0.645
2024-02-26 20:00:00,16.308,104.034,0.689
2024-02-26 21:00:00,17.123,104.167,0.642
2024-02-26 22:00:00,18.392,104.044,0.708
2024-02-26 23:00:00,20.16,104.444,0.6
2024-02-27 00:00:00,22.101,104.407,0.476
2024-02-27 01:00:00,23.258,104.489,0.585
2024-02-27 02:00:00,24.256,104.697,0.639
2024-02-27 03:00:00,25.546,104.423,0.744
2024-02-27 04:00:00,25.647,104.691,0.602
2024-02-27 05:00:00,26.451,104.633,0.55
2024-02-27 06:00:00,26.79,104.431,0.484
2024-02-27 07:00:00,25.712,104.055,0.681
2024-02-27 08:00:00,25.495,103.748,0.726
2024-02-27 09:00:00,24.75,104.109,0.618
2024-02-27 10:00:00,24.87,103.843,0.741
2024-02-27 11:00:00,23.373,103.61,0.667
2024-02-27 12:00:00,22.316,103.815,0.441
2024-02-27 13:00:00,19.567,103.456,0.474
2024-02-27 14:00:00,18.588,103.501,0.67
2024-02-27 15:00:00,18.85,103.656,0.756
2024-02-27 16:00:00,15.997,103.457,0.753
2024-02-27 17:00:00,17.904,103.684,0.556
2024-02-27 18:00:00,15.906,103.965,0.588
2024-02-27 19:00:00,17.675,103.954,0.489
2024-02-27 20:00:00,17.131,104.24,0.655
2024-02-27 21:00:00,19.081,104.355,0.679
2024-02-27 22:00:00,21.403,104.31,0.731
2024-02-27 23:00:00,19.307,104.068,0.665
2024-02-28 00:00:00,22.367,104.339,0.548
2024-02-28 01:00:00,22.141,104.677,0.532
2024-02-28 02:00:00,24.667,104.355,0.716
2024-02-28 03:00:00,25.299,104.53,0.725
2024-02-28 04:00:00,26.27,104.587,0.59
2024-02-28 05:00:00,26.116,104.684,0.497
2024-02-28 06:00:00,27.27,104.28,0.552
2024-02-28 07:00:00,25.729,104.154,0.591
2024-02-28 08:00:00,26.807,104.116,0.609
2024-02-28 09:00:00,24.983,104.048,0.69
2024-02-28 10:00:00,23.311,103.852,0.691
2024-02-28 11:00:00,23.86,103.927,0.596
2024-02-28 12:00:00,21.523,103.567,0.422
2024-02-28 13:00:00,21.366,103.652,0.694
2024-02-28 14:00:00,19.699,103.679,0.723
2024-02-28 15:00:00,17.4,103.565,0.683
2024-02-28 16:00:00,16.979,103.798,0.658
2024-02-28 17:00:00,16.548,103.771,0.618
2024-02-28 18:00:00,17.163,103.968,0.444
2024-02-28 19:00:00,16.621,103.999,0.616
2024-02-28 20:00:00,16.902,104.157,0.607
2024-02-28 21:00:00,17.409,104.138,0.696
2024-02-28 22:00:00,18.47,104.263,0.615
2024-02-28 23:00:00,20.423,104.65,0.544
2024-02-29 00:00:00,20.87,104.648,0.582
2024-02-29 01:00:00,21.857,104.457,0.603
2024-02-29 02:00:00,22.892,104.663,0.684
2024-02-29 03:00:00,23.864,104.27,0.599
2024-02-29 04:00:00,24.078,104.498,0.643
2024-02-29 05:00:00,24.897,104.656,0.623
2024-02-29 06:00:00,26.344,104.395,0.51
2024-02-29 07:00:00,25.077,104.316,0.492
2024-02-29 08:00:00,25.051,103.719,0.684
2024-02-29 09:00:00,22.272,103.985,0.718
2024-02-29 10:00:00,22.99,103.973,0.737
2024-02-29 11:00:00,21.272,103.887,0.567
2024-02-29 12:00:00,19.711,103.88,0.388
2024-02-29 13:00:00,18.74,103.65,0.55
2024-02-29 14:00:00,17.053,103.636,0.618
2024-02-29 15:00:00,14.966,103.474,0.737
2024-02-29 16:00:00,15.925,103.689,0.537
2024-02-29 17:00:00,14.944,103.607,0.578
2024-02-29 18:00:00,14.367,103.621,0.571
2024-02-29 19:00:00,14.073,103.855,0.6
2024-02-29 20:00:00,14.198,104.375,0.718
2024-02-29 21:00:00,15.938,104.24,0.618
2024-02-29 22:00:00,17.737,104.438,0.593
2024-02-29 23:00:00,18.028,104.437,0.672
2024-03-01 00:00:00,18.303,104.332,0.505
2024-03-01 01:00:00,20.495,104.799,0.605
2024-03-01 02:00:00,21.468,104.358,0.617
2024-03-01 03:00:00,22.99,104.591,0.705
2024-03-01 04:00:00,23.568,104.624,0.616
2024-03-01 05:00:00,21.85,104.594,0.659
2024-03-01 06:00:00,24.08,104.353,0.636
2024-03-01 07:00:00,22.923,104.07,0.624
2024-03-01 08:00:00,22.117,104.099,0.641
2024-03-01 09:00:00,22.008,103.979,0.573
2024-03-01 10:00:00,21.28,103.855,0.589
2024-03-01 11:00:00,18.794,104.011,0.678
2024-03-01 12:00:00,18.859,103.601,0.449
2024-03-01 13:00:00,17.555,103.775,0.581
2024-03-01 14:00:00,15.876,103.732,0.706
2024-03-01 15:00:00,14.25,103.866,0.774
2024-03-01 16:00:00,13.35,103.748,0.663
2024-03-01 17:00:00,14.018,103.963,0.58
2024-03-01 18:00:00,12.291,103.92,0.504
2024-03-01 19:00:00,13.976,104.131,0.569
2024-03-01 20:00:00,13.709,103.971,0.645
2024-03-01 21:00:00,14.519,103.933,0.721
2024-03-01 22:00:00,14.564,104.51,0.682
2024-03-01 23:00:00,16.686,104.627,0.707
2024-03-02 00:00:00,18.418,104.72,0.522
2024-03-02 01:00:00,18.527,104.628,0.658
2024-03-02 02:00:00,20.822,104.955,0.62
2024-03-02 03:00:00,21.602,104.654,0.726
2024-03-02 04:00:00,21.949,104.743,0.637
2024-03-02 05:00:00,23.344,104.697,0.62
2024-03-02 06:00:00,21.679,104.768,0.534
2024-03-02 07:00:00,23.039,104.346,0.602
2024-03-02 08:00:00,23.307,104.17,0.794
2024-03-02 09:00:00,22.412,103.915,0.771
2024-03-02 10:00:00,20.756,104.252,0.732
2024-03-02 11:00:00,19.148,103.977,0.638
2024-03-02 12:00:00,17.669,103.899,0.588
2024-03-02 13:00:00,16.592,104.245,0.528
2024-03-02 14:00:00,15.915,103.805,0.742
2024-03-02 15:00:00,14.092,103.574,0.65
2024-03-02 16:00:00,14.263,103.786,0.645
2024-03-02 17:00:00,14.617,103.746,0.628
2024-03-02 18:00:00,13.161,103.934,0.562
2024-03-02 19:00:00,12.596,104.054,0.542
2024-03-02 20:00:00,13.131,104.156,0.648
2024-03-02 21:00:00,15.237,104.167,0.705
2024-03-02 22:00:00,15.812,104.74,0.664
2024-03-02 23:00:00,17.623,104.655,0.643
2024-03-03 00:00:00,18.116,104.663,0.672
2024-03-03 01:00:00,20.277,104.868,0.621
2024-03-03 02:00:00,20.939,104.85,0.636
2024-03-03 03:00:00,21.682,104.812,0.635
2024-03-03 04:00:00,22.729,104.831,0.657
2024-03-03 05:00:00,22.807,104.676,0.553
2024-03-03 06:00:00,24.947,104.659,0.523
2024-03-03 07:00:00,23.584,104.555,0.623
2024-03-03 08:00:00,23.59,104.34,0.65
2024-03-03 09:00:00,22.149,104.154,0.799
2024-03-03 10:00:00,20.869,104.296,0.636
2024-03-03 11:00:00,20.219,103.89,0.594
