timestamp,temperature,pressure,vibration,is_anomaly
2024-01-01 00:00:00,20.183,101.636,0.562,0
2024-01-01 01:00:00,20.745,101.685,0.634,0
2024-01-01 02:00:00,23.1,102.002,0.772,0
2024-01-01 03:00:00,24.324,101.844,0.623,0
2024-01-01 04:00:00,23.458,101.721,0.66,0
2024-01-01 05:00:00,24.42,101.755,0.577,0
2024-01-01 06:00:00,25.522,101.266,0.401,0
2024-01-01 07:00:00,25.158,101.46,0.653,0
2024-01-01 08:00:00,24.91,101.639,0.66,0
2024-01-01 09:00:00,23.684,101.231,0.737,0
2024-01-01 10:00:00,23.758,101.101,0.791,0
2024-01-01 11:00:00,22.561,101.068,0.582,0
2024-01-01 12:00:00,20.907,101.038,0.479,0
2024-01-01 13:00:00,20.317,100.55,0.606,0
2024-01-01 14:00:00,18.781,100.576,0.723,0
2024-01-01 15:00:00,17.013,100.873,0.672,0
2024-01-01 16:00:00,17.018,100.78,0.642,0
2024-01-01 17:00:00,15.783,101.161,0.653,0
2024-01-01 18:00:00,16.774,101.019,0.519,0
2024-01-01 19:00:00,16.445,100.896,0.498,0
2024-01-01 20:00:00,16.919,101.126,0.612,0
2024-01-01 21:00:00,17.47,101.036,0.775,0
2024-01-01 22:00:00,19.7,101.538,0.693,0
2024-01-01 23:00:00,20.129,101.654,0.562,0
2024-01-02 00:00:00,21.307,101.705,0.491,0
2024-01-02 01:00:00,22.692,101.988,0.601,0
2024-01-02 02:00:00,24.472,102.031,0.71,0
2024-01-02 03:00:00,25.448,101.817,0.632,0
2024-01-02 04:00:00,26.31,101.48,0.631,0
2024-01-02 05:00:00,26.856,101.82,0.614,0
2024-01-02 06:00:00,28.087,101.713,0.495,0
2024-01-02 07:00:00,26.419,101.56,0.629,0
2024-01-02 08:00:00,25.885,101.535,0.612,0
2024-01-02 09:00:00,24.935,101.085,0.718,0
2024-01-02 10:00:00,24.781,101.44,0.728,0
2024-01-02 11:00:00,23.903,100.89,0.624,0
2024-01-02 12:00:00,21.881,101.064,0.507,0
2024-01-02 13:00:00,20.167,100.645,0.595,0
2024-01-02 14:00:00,18.983,100.737,0.631,0
2024-01-02 15:00:00,18.842,101.117,0.696,0
2024-01-02 16:00:00,18.11,100.897,0.736,0
2024-01-02 17:00:00,17.495,101.138,0.594,0
2024-01-02 18:00:00,16.601,101.149,0.456,0
2024-01-02 19:00:00,17.308,101.218,0.575,0
2024-01-02 20:00:00,17.734,101.569,0.683,0
2024-01-02 21:00:00,18.583,101.461,0.681,0
2024-01-02 22:00:00,20.001,101.354,0.697,0
2024-01-02 23:00:00,20.805,101.61,0.626,0
2024-01-03 00:00:00,22.357,101.899,0.544,0
2024-01-03 01:00:00,23.266,101.934,0.671,0
2024-01-03 02:00:00,24.585,101.664,0.723,0
2024-01-03 03:00:00,25.802,101.782,0.653,0
2024-01-03 04:00:00,25.318,101.761,0.628,0
2024-01-03 05:00:00,26.471,101.721,0.596,0
2024-01-03 06:00:00,26.52,101.472,0.477,0
2024-01-03 07:00:00,26.215,101.468,0.543,0
2024-01-03 08:00:00,25.897,101.326,0.651,0
2024-01-03 09:00:00,26.126,101.423,0.676,0
2024-01-03 10:00:00,23.633,101.308,0.64,0
2024-01-03 11:00:00,23.484,101.06,0.584,0
2024-01-03 12:00:00,20.554,100.94,0.559,0
2024-01-03 13:00:00,20.021,100.967,0.61,0
2024-01-03 14:00:00,19.064,100.802,0.797,0
2024-01-03 15:00:00,18.23,100.765,0.709,0
2024-01-03 16:00:00,17.457,100.843,0.659,0
2024-01-03 17:00:00,16.951,100.965,0.6,0
2024-01-03 18:00:00,16.038,100.987,0.513,0
2024-01-03 19:00:00,16.081,101.306,0.622,0
2024-01-03 20:00:00,17.311,101.522,0.777,0
2024-01-03 21:00:00,17.414,101.306,0.658,0
2024-01-03 22:00:00,17.735,101.673,0.716,0
2024-01-03 23:00:00,18.96,101.745,0.61,0
2024-01-04 00:00:00,20.316,101.916,0.421,0
2024-01-04 01:00:00,22.392,101.92,0.639,0
2024-01-04 02:00:00,23.316,101.729,0.737,0
2024-01-04 03:00:00,24.61,101.749,0.657,0
2024-01-04 04:00:00,24.663,101.901,0.673,0
2024-01-04 05:00:00,25.442,101.978,0.514,0
2024-01-04 06:00:00,25.82,101.394,0.437,0
2024-01-04 07:00:00,25.016,101.662,0.652,0
2024-01-04 08:00:00,24.902,101.662,0.65,0
2024-01-04 09:00:00,23.362,101.333,0.645,0
2024-01-04 10:00:00,22.432,101.317,0.685,0
2024-01-04 11:00:00,21.14,101.024,0.574,0
2024-01-04 12:00:00,19.282,101.029,0.476,0
2024-01-04 13:00:00,18.923,100.751,0.637,0
2024-01-04 14:00:00,17.069,100.621,0.615,0
2024-01-04 15:00:00,16.248,101.127,0.655,0
2024-01-04 16:00:00,15.66,100.884,0.681,0
2024-01-04 17:00:00,15.066,101.04,0.648,0
2024-01-04 18:00:00,14.954,101.002,0.562,0
2024-01-04 19:00:00,14.594,101.118,0.567,0
2024-01-04 20:00:00,14.826,101.434,0.72,0
2024-01-04 21:00:00,15.756,101.483,0.661,0
2024-01-04 22:00:00,15.757,101.774,0.765,0
2024-01-04 23:00:00,17.038,101.894,0.543,0
2024-01-05 00:00:00,18.339,101.961,0.566,0
2024-01-05 01:00:00,19.761,102.006,0.567,0
2024-01-05 02:00:00,21.74,102.232,0.774,0
2024-01-05 03:00:00,21.928,101.826,0.73,0
2024-01-05 04:00:00,22.977,101.936,0.622,0
2024-01-05 05:00:00,24.422,102.042,0.574,0
2024-01-05 06:00:00,23.539,101.964,0.539,0
2024-01-05 07:00:00,23.968,101.445,0.653,0
2024-01-05 08:00:00,22.41,101.485,0.67,0
2024-01-05 09:00:00,21.998,101.607,0.702,0
2024-01-05 10:00:00,20.464,101.359,0.711,0
2024-01-05 11:00:00,19.575,101.207,0.607,0
2024-01-05 12:00:00,18.941,101.063,0.435,0
2024-01-05 13:00:00,16.06,100.984,0.559,0
2024-01-05 14:00:00,16.108,101.064,0.685,0
2024-01-05 15:00:00,14.914,100.996,0.761,0
2024-01-05 16:00:00,13.581,101.073,0.754,0
2024-01-05 17:00:00,12.535,101.168,0.639,0
2024-01-05 18:00:00,13.241,101.156,0.514,0
2024-01-05 19:00:00,13.02,101.458,0.637,0
2024-01-05 20:00:00,13.948,101.946,0.64,0
2024-01-05 21:00:00,14.59,101.374,0.692,0
2024-01-05 22:00:00,16.55,101.814,0.632,0
2024-01-05 23:00:00,16.63,101.76,0.538,0
2024-01-06 00:00:00,17.436,102.047,0.517,0
2024-01-06 01:00:00,19.437,102.025,0.609,0
2024-01-06 02:00:00,20.654,102.158,0.708,0
2024-01-06 03:00:00,22.364,102.211,0.727,0
2024-01-06 04:00:00,22.837,102.021,0.685,0
2024-01-06 05:00:00,23.045,102.09,0.628,0
2024-01-06 06:00:00,23.878,101.471,0.498,0
2024-01-06 07:00:00,22.118,101.945,0.621,0
2024-01-06 08:00:00,21.952,101.636,0.637,0
2024-01-06 09:00:00,20.992,101.613,0.718,0
2024-01-06 10:00:00,20.288,101.148,0.707,0
2024-01-06 11:00:00,18.503,101.101,0.567,0
2024-01-06 12:00:00,18.431,101.165,0.503,0
2024-01-06 13:00:00,16.641,101.087,0.569,0
2024-01-06 14:00:00,14.706,101.111,0.647,0
2024-01-06 15:00:00,13.967,101.244,0.644,0
2024-01-06 16:00:00,13.996,100.863,0.736,0
2024-01-06 17:00:00,13.84,101.35,0.653,0
2024-01-06 18:00:00,14.396,101.307,0.527,0
2024-01-06 19:00:00,15.15,101.395,0.699,0
2024-01-06 20:00:00,14.186,101.336,0.664,0
2024-01-06 21:00:00,14.177,101.764,0.852,0
2024-01-06 22:00:00,14.568,101.451,0.662,0
2024-01-06 23:00:00,17.257,102.02,0.613,0
2024-01-07 00:00:00,17.949,101.785,0.48,0
2024-01-07 01:00:00,19.529,102.074,0.619,0
2024-01-07 02:00:00,20.667,102.074,0.715,0
2024-01-07 03:00:00,22.037,102.258,0.694,0
2024-01-07 04:00:00,23.609,102.014,0.762,0
2024-01-07 05:00:00,23.619,101.864,0.612,0
2024-01-07 06:00:00,23.658,101.794,0.514,0
2024-01-07 07:00:00,23.021,101.945,0.555,0
2024-01-07 08:00:00,22.199,101.708,0.694,0
2024-01-07 09:00:00,22.18,101.442,0.693,0
2024-01-07 10:00:00,21.468,101.343,0.643,0
2024-01-07 11:00:00,21.42,101.038,0.561,0
2024-01-07 12:00:00,19.21,101.25,0.634,0
2024-01-07 13:00:00,18.496,100.874,0.587,0
2024-01-07 14:00:00,16.47,101.229,0.6,0
2024-01-07 15:00:00,15.093,101.149,0.665,0
2024-01-07 16:00:00,14.501,101.534,0.671,0
2024-01-07 17:00:00,14.218,101.087,0.627,0
2024-01-07 18:00:00,15.832,101.338,0.528,0
2024-01-07 19:00:00,14.306,101.744,0.634,0
2024-01-07 20:00:00,15.875,101.783,0.641,0
2024-01-07 21:00:00,15.699,101.632,0.717,0
2024-01-07 22:00:00,17.909,101.895,0.629,0
2024-01-07 23:00:00,18.862,101.971,0.569,0
2024-01-08 00:00:00,19.906,102.099,0.454,0
2024-01-08 01:00:00,21.344,102.01,0.541,0
2024-01-08 02:00:00,22.257,102.126,0.726,0
2024-01-08 03:00:00,24.027,101.891,0.734,0
2024-01-08 04:00:00,24.355,102.109,0.722,0
2024-01-08 05:00:00,24.466,102.083,0.602,0
2024-01-08 06:00:00,24.678,101.884,0.539,0
2024-01-08 07:00:00,25.451,101.56,0.512,0
2024-01-08 08:00:00,25.867,101.824,0.716,0
2024-01-08 09:00:00,24.292,101.602,0.709,0
2024-01-08 10:00:00,23.159,101.318,0.705,0
2024-01-08 11:00:00,22.265,101.279,0.619,0
2024-01-08 12:00:00,21.651,101.014,0.451,0
2024-01-08 13:00:00,19.772,101.032,0.525,0
2024-01-08 14:00:00,18.253,101.084,0.638,0
2024-01-08 15:00:00,18.192,101.362,0.728,0
2024-01-08 16:00:00,17.054,101.128,0.708,0
2024-01-08 17:00:00,17.279,101.396,0.532,0
2024-01-08 18:00:00,16.357,101.321,0.451,0
2024-01-08 19:00:00,15.74,101.559,0.564,0
2024-01-08 20:00:00,16.209,101.631,0.655,0
2024-01-08 21:00:00,18.869,101.915,0.632,0
2024-01-08 22:00:00,20.0,101.829,0.602,0
2024-01-08 23:00:00,20.114,101.783,0.559,0
2024-01-09 00:00:00,21.334,101.897,0.504,0
2024-01-09 01:00:00,23.78,102.083,0.541,0
2024-01-09 02:00:00,23.488,102.0,0.667,0
2024-01-09 03:00:00,24.692,102.24,0.753,0
2024-01-09 04:00:00,26.448,102.066,0.608,0
2024-01-09 05:00:00,26.361,102.42,0.59,0
2024-01-09 06:00:00,26.799,101.705,0.551,0
2024-01-09 07:00:00,26.565,101.881,0.579,0
2024-01-09 08:00:00,26.394,101.554,0.645,0
2024-01-09 09:00:00,26.268,101.522,0.758,0
2024-01-09 10:00:00,24.465,101.496,0.658,0
2024-01-09 11:00:00,23.612,101.021,0.655,0
2024-01-09 12:00:00,20.72,101.323,0.521,0
2024-01-09 13:00:00,20.642,101.519,0.583,0
2024-01-09 14:00:00,18.972,101.145,0.697,0
2024-01-09 15:00:00,17.721,101.264,0.716,0
2024-01-09 16:00:00,17.137,101.425,0.724,0
2024-01-09 17:00:00,16.968,101.324,0.573,0
2024-01-09 18:00:00,17.55,101.363,0.502,0
2024-01-09 19:00:00,16.373,101.229,0.597,0
2024-01-09 20:00:00,17.683,101.797,0.708,0
2024-01-09 21:00:00,18.161,101.816,0.649,0
2024-01-09 22:00:00,19.281,101.805,0.724,0
2024-01-09 23:00:00,21.273,102.085,0.623,0
2024-01-10 00:00:00,22.273,102.065,0.434,0
2024-01-10 01:00:00,24.028,102.131,0.66,0
2024-01-10 02:00:00,24.318,102.326,0.785,0
2024-01-10 03:00:00,25.006,102.026,0.75,0
2024-01-10 04:00:00,26.058,102.341,0.745,0
2024-01-10 05:00:00,26.808,101.902,0.604,0
2024-01-10 06:00:00,26.908,101.915,0.417,0
2024-01-10 07:00:00,25.947,102.186,0.508,0
2024-01-10 08:00:00,26.116,101.941,0.686,0
2024-01-10 09:00:00,25.366,101.658,0.67,0
2024-01-10 10:00:00,25.663,101.382,0.627,0
2024-01-10 11:00:00,24.029,101.338,0.597,0
2024-01-10 12:00:00,21.052,101.346,0.531,0
2024-01-10 13:00:00,20.049,101.287,0.527,0
2024-01-10 14:00:00,18.088,101.247,0.651,0
2024-01-10 15:00:00,17.524,101.269,0.775,0
2024-01-10 16:00:00,17.22,,0.619,0
2024-01-10 17:00:00,17.198,101.18,0.643,0
2024-01-10 18:00:00,15.81,101.42,0.476,0
2024-01-10 19:00:00,15.966,101.755,0.627,0
2024-01-10 20:00:00,15.508,101.543,0.728,0
2024-01-10 21:00:00,17.431,101.852,0.737,0
2024-01-10 22:00:00,4.231,101.882,0.719,1
2024-01-10 23:00:00,19.323,102.131,0.542,0
2024-01-11 00:00:00,20.342,102.142,0.556,0
2024-01-11 01:00:00,22.037,102.48,0.557,0
2024-01-11 02:00:00,22.176,102.359,0.686,0
2024-01-11 03:00:00,23.316,102.078,0.713,0
2024-01-11 04:00:00,26.197,,0.697,0
2024-01-11 05:00:00,24.575,102.044,0.617,0
2024-01-11 06:00:00,24.787,101.976,0.458,0
2024-01-11 07:00:00,26.304,101.993,0.533,0
2024-01-11 08:00:00,26.371,101.746,0.717,0
2024-01-11 09:00:00,23.057,101.825,0.709,0
2024-01-11 10:00:00,22.429,101.455,0.731,0
2024-01-11 11:00:00,21.574,101.373,0.598,0
2024-01-11 12:00:00,21.037,101.285,0.43,0
2024-01-11 13:00:00,18.039,101.245,0.648,0
2024-01-11 14:00:00,17.203,101.473,0.655,0
2024-01-11 15:00:00,16.707,101.416,0.717,0
2024-01-11 16:00:00,15.633,101.624,0.641,0
2024-01-11 17:00:00,14.573,101.784,0.682,0
2024-01-11 18:00:00,14.475,101.391,0.456,0
2024-01-11 19:00:00,13.828,101.677,0.583,0
2024-01-11 20:00:00,14.937,101.62,0.679,0
2024-01-11 21:00:00,15.644,101.812,0.645,0
2024-01-11 22:00:00,16.909,101.959,0.69,0
2024-01-11 23:00:00,17.573,102.004,0.681,0
2024-01-12 00:00:00,19.415,102.091,0.475,0
2024-01-12 01:00:00,20.967,102.285,0.62,0
2024-01-12 02:00:00,21.593,102.149,0.536,0
2024-01-12 03:00:00,22.683,102.449,0.698,0
2024-01-12 04:00:00,23.235,102.143,0.658,0
2024-01-12 05:00:00,23.642,102.629,0.559,0
2024-01-12 06:00:00,23.32,102.042,0.554,0
2024-01-12 07:00:00,23.715,102.005,0.584,0
2024-01-12 08:00:00,22.911,101.673,0.664,0
2024-01-12 09:00:00,23.377,101.995,0.681,0
2024-01-12 10:00:00,21.978,101.787,0.577,0
2024-01-12 11:00:00,20.01,101.558,0.543,0
2024-01-12 12:00:00,17.979,101.229,0.548,0
2024-01-12 13:00:00,16.429,101.409,0.495,0
2024-01-12 14:00:00,16.562,101.188,0.635,0
2024-01-12 15:00:00,14.929,101.589,0.68,0
2024-01-12 16:00:00,14.226,101.537,0.76,0
2024-01-12 17:00:00,12.355,101.506,0.638,0
2024-01-12 18:00:00,13.755,101.228,0.472,0
2024-01-12 19:00:00,13.61,101.566,0.665,0
2024-01-12 20:00:00,13.142,101.948,0.636,0
2024-01-12 21:00:00,14.294,102.158,0.75,0
2024-01-12 22:00:00,15.747,102.268,0.605,0
2024-01-12 23:00:00,16.806,101.972,0.654,0
2024-01-13 00:00:00,17.875,102.342,0.48,0
2024-01-13 01:00:00,19.267,102.507,0.549,0
2024-01-13 02:00:00,20.371,102.131,0.662,0
2024-01-13 03:00:00,21.64,102.369,0.714,0
2024-01-13 04:00:00,23.219,102.369,0.648,0
2024-01-13 05:00:00,21.291,102.211,0.628,0
2024-01-13 06:00:00,22.858,101.88,0.471,0
2024-01-13 07:00:00,22.937,101.993,0.631,0
2024-01-13 08:00:00,22.513,101.866,0.695,0
2024-01-13 09:00:00,21.325,101.765,0.697,0
2024-01-13 10:00:00,19.468,101.582,0.651,0
2024-01-13 11:00:00,19.526,101.495,0.608,0
2024-01-13 12:00:00,19.087,101.473,0.528,0
2024-01-13 13:00:00,15.854,101.492,0.703,0
2024-01-13 14:00:00,16.107,101.359,0.72,0
2024-01-13 15:00:00,14.38,101.356,0.749,0
2024-01-13 16:00:00,13.771,101.478,0.828,0
2024-01-13 17:00:00,12.706,101.252,0.626,0
2024-01-13 18:00:00,12.997,101.713,0.524,0
2024-01-13 19:00:00,14.182,101.762,0.635,0
2024-01-13 20:00:00,14.287,101.898,0.623,0
2024-01-13 21:00:00,15.81,102.169,0.678,0
2024-01-13 22:00:00,16.554,101.856,0.648,0
2024-01-13 23:00:00,17.36,101.962,0.632,0
2024-01-14 00:00:00,19.483,102.386,0.491,0
2024-01-14 01:00:00,20.042,102.401,0.607,0
2024-01-14 02:00:00,21.531,102.453,0.728,0
2024-01-14 03:00:00,21.943,102.349,0.743,0
2024-01-14 04:00:00,23.01,102.476,0.665,0
2024-01-14 05:00:00,23.107,102.444,0.567,0
2024-01-14 06:00:00,24.347,102.279,0.557,0
2024-01-14 07:00:00,22.935,102.051,0.639,0
2024-01-14 08:00:00,23.673,101.647,0.593,0
2024-01-14 09:00:00,22.357,101.951,0.684,0
2024-01-14 10:00:00,22.203,101.898,0.681,0
2024-01-14 11:00:00,20.81,101.706,0.639,0
2024-01-14 12:00:00,20.225,101.395,0.546,0
2024-01-14 13:00:00,18.345,101.575,0.614,0
2024-01-14 14:00:00,15.826,101.582,0.702,0
2024-01-14 15:00:00,15.764,101.699,0.703,0
2024-01-14 16:00:00,14.377,101.38,0.64,0
2024-01-14 17:00:00,14.342,101.554,0.587,0
2024-01-14 18:00:00,15.462,101.802,0.501,0
2024-01-14 19:00:00,15.181,101.819,0.598,0
2024-01-14 20:00:00,14.952,101.773,0.579,0
2024-01-14 21:00:00,15.632,102.135,0.68,0
2024-01-14 22:00:00,17.37,102.284,0.676,0
2024-01-14 23:00:00,17.901,102.32,0.586,0
2024-01-15 00:00:00,19.597,102.426,0.488,0
2024-01-15 01:00:00,21.556,102.412,0.624,0
2024-01-15 02:00:00,23.343,102.697,0.619,0
2024-01-15 03:00:00,24.125,102.331,0.619,0
2024-01-15 04:00:00,23.253,102.336,0.656,0
2024-01-15 05:00:00,25.384,102.353,0.638,0
2024-01-15 06:00:00,25.488,102.386,0.584,0
2024-01-15 07:00:00,25.596,101.913,0.639,0
2024-01-15 08:00:00,25.889,101.815,0.6,0
2024-01-15 09:00:00,22.958,101.578,0.688,0
2024-01-15 10:00:00,22.876,101.768,0.686,0
2024-01-15 11:00:00,22.448,101.49,0.609,0
2024-01-15 12:00:00,19.919,101.518,0.527,0
2024-01-15 13:00:00,20.526,101.621,0.554,0
2024-01-15 14:00:00,18.721,101.404,0.676,0
2024-01-15 15:00:00,18.036,101.548,0.721,0
2024-01-15 16:00:00,16.454,101.515,0.714,0
2024-01-15 17:00:00,16.846,101.737,0.56,0
2024-01-15 18:00:00,16.888,101.809,0.483,0
2024-01-15 19:00:00,16.615,101.754,0.465,0
2024-01-15 20:00:00,17.171,101.963,0.642,0
2024-01-15 21:00:00,18.041,102.277,0.674,0
2024-01-15 22:00:00,18.448,102.304,0.622,0
2024-01-15 23:00:00,20.133,102.145,0.608,0
2024-01-16 00:00:00,21.472,102.539,0.497,0
2024-01-16 01:00:00,23.133,102.336,0.487,0
2024-01-16 02:00:00,24.752,102.735,0.684,0
2024-01-16 03:00:00,24.594,102.668,0.654,0
2024-01-16 04:00:00,25.987,102.516,0.697,0
2024-01-16 05:00:00,27.487,102.423,0.536,0
2024-01-16 06:00:00,26.356,102.271,0.502,0
2024-01-16 07:00:00,26.169,102.288,0.586,0
2024-01-16 08:00:00,26.313,102.004,0.688,0
2024-01-16 09:00:00,25.93,101.967,0.706,0
2024-01-16 10:00:00,24.418,101.941,0.66,0
2024-01-16 11:00:00,24.023,101.621,0.523,0
2024-01-16 12:00:00,22.464,101.531,0.426,0
2024-01-16 13:00:00,21.176,101.391,0.571,0
2024-01-16 14:00:00,19.81,101.389,0.673,0
2024-01-16 15:00:00,19.848,101.287,0.67,0
2024-01-16 16:00:00,17.541,101.717,0.704,0
2024-01-16 17:00:00,15.967,101.955,0.586,0
2024-01-16 18:00:00,17.963,102.0,0.452,0
2024-01-16 19:00:00,16.894,101.662,0.586,0
2024-01-16 20:00:00,17.729,102.145,0.684,0
2024-01-16 21:00:00,19.238,102.382,0.716,0
2024-01-16 22:00:00,9.7,102.225,0.767,1
2024-01-16 23:00:00,19.92,102.418,0.567,0
2024-01-17 00:00:00,20.989,102.188,0.496,0
2024-01-17 01:00:00,22.749,102.586,0.621,0
2024-01-17 02:00:00,24.675,102.412,0.672,0
2024-01-17 03:00:00,25.738,102.592,0.675,0
2024-01-17 04:00:00,26.358,102.286,0.596,0
2024-01-17 05:00:00,25.815,102.529,0.574,0
2024-01-17 06:00:00,25.416,102.504,0.446,0
2024-01-17 07:00:00,26.63,102.117,0.514,0
2024-01-17 08:00:00,25.779,101.937,0.633,0
2024-01-17 09:00:00,25.505,101.656,0.648,0
2024-01-17 10:00:00,24.574,101.819,0.702,0
2024-01-17 11:00:00,22.986,101.666,0.63,0
2024-01-17 12:00:00,22.02,101.439,0.455,0
2024-01-17 13:00:00,20.359,101.686,0.587,0
2024-01-17 14:00:00,19.284,101.529,0.58,0
2024-01-17 15:00:00,17.456,101.448,0.675,0
2024-01-17 16:00:00,16.922,101.572,0.693,0
2024-01-17 17:00:00,16.593,101.893,0.641,0
2024-01-17 18:00:00,16.739,101.924,0.464,0
2024-01-17 19:00:00,16.122,101.934,0.653,0
2024-01-17 20:00:00,17.109,102.177,0.597,0
2024-01-17 21:00:00,17.369,102.042,0.638,0
2024-01-17 22:00:00,18.429,102.346,0.709,0
2024-01-17 23:00:00,20.138,102.473,0.684,0
2024-01-18 00:00:00,19.672,102.466,0.525,0
2024-01-18 01:00:00,21.316,102.66,0.598,0
2024-01-18 02:00:00,22.341,102.502,0.563,0
2024-01-18 03:00:00,22.796,102.687,0.599,0
2024-01-18 04:00:00,24.513,102.651,0.68,0
2024-01-18 05:00:00,25.797,102.058,0.582,0
2024-01-18 06:00:00,25.274,102.577,0.445,0
2024-01-18 07:00:00,25.32,101.825,0.603,0
2024-01-18 08:00:00,25.282,102.063,0.679,0
2024-01-18 09:00:00,24.556,102.181,0.747,0
2024-01-18 10:00:00,22.608,101.859,0.68,0
2024-01-18 11:00:00,22.181,101.582,0.661,0
2024-01-18 12:00:00,20.055,101.555,0.5,0
2024-01-18 13:00:00,18.129,101.82,0.594,0
2024-01-18 14:00:00,16.994,101.356,0.726,0
2024-01-18 15:00:00,15.352,101.827,0.651,0
2024-01-18 16:00:00,14.839,101.695,0.814,0
2024-01-18 17:00:00,14.584,101.601,0.619,0
2024-01-18 18:00:00,15.037,101.794,0.519,0
2024-01-18 19:00:00,15.685,101.849,0.626,0
2024-01-18 20:00:00,14.251,102.262,0.767,0
2024-01-18 21:00:00,16.04,102.374,0.74,0
2024-01-18 22:00:00,16.145,102.131,0.593,0
2024-01-18 23:00:00,18.191,,0.67,0
2024-01-19 00:00:00,19.054,102.455,0.483,0
2024-01-19 01:00:00,19.261,102.836,0.605,0
2024-01-19 02:00:00,22.057,102.465,0.609,0
2024-01-19 03:00:00,22.108,102.899,0.726,0
2024-01-19 04:00:00,22.883,102.611,0.641,0
2024-01-19 05:00:00,23.0,102.37,0.605,0
2024-01-19 06:00:00,23.36,102.345,0.486,0
2024-01-19 07:00:00,23.782,102.21,0.696,0
2024-01-19 08:00:00,22.856,102.012,0.772,0
2024-01-19 09:00:00,22.319,102.09,0.702,0
2024-01-19 10:00:00,21.251,101.771,0.676,0
2024-01-19 11:00:00,20.571,101.522,0.581,0
2024-01-19 12:00:00,18.231,101.71,0.555,0
2024-01-19 13:00:00,16.211,101.443,0.584,0
2024-01-19 14:00:00,16.488,101.58,0.652,0
2024-01-19 15:00:00,14.572,101.569,0.749,0
2024-01-19 16:00:00,14.607,101.621,0.646,0
2024-01-19 17:00:00,13.632,102.128,0.598,0
2024-01-19 18:00:00,13.119,101.938,0.421,0
2024-01-19 19:00:00,13.547,102.087,0.635,0
2024-01-19 20:00:00,14.979,101.914,0.77,0
2024-01-19 21:00:00,15.823,102.214,0.736,0
2024-01-19 22:00:00,15.63,102.47,0.746,0
2024-01-19 23:00:00,16.87,102.393,0.558,0
2024-01-20 00:00:00,18.696,102.769,0.512,0
2024-01-20 01:00:00,18.822,102.51,0.553,0
2024-01-20 02:00:00,20.722,102.672,0.662,0
2024-01-20 03:00:00,21.533,102.619,0.739,0
2024-01-20 04:00:00,22.524,102.689,0.678,0
2024-01-20 05:00:00,22.331,102.496,0.529,0
2024-01-20 06:00:00,22.046,102.454,0.434,0
2024-01-20 07:00:00,21.587,102.343,0.531,0
2024-01-20 08:00:00,21.665,102.141,0.698,0
2024-01-20 09:00:00,21.273,102.196,0.803,0
2024-01-20 10:00:00,20.346,102.038,0.741,0
2024-01-20 11:00:00,20.491,101.884,0.505,0
2024-01-20 12:00:00,18.714,101.751,0.571,0
2024-01-20 13:00:00,16.197,101.881,0.647,0
2024-01-20 14:00:00,15.797,101.705,0.596,0
2024-01-20 15:00:00,14.332,101.707,0.685,0
2024-01-20 16:00:00,13.638,101.815,0.728,0
2024-01-20 17:00:00,13.448,102.131,0.628,0
2024-01-20 18:00:00,13.57,101.777,0.435,0
2024-01-20 19:00:00,13.199,102.213,0.631,0
2024-01-20 20:00:00,14.576,101.944,0.566,0
2024-01-20 21:00:00,14.086,102.393,0.689,0
2024-01-20 22:00:00,15.851,102.722,0.73,0
2024-01-20 23:00:00,18.655,102.668,0.601,0
2024-01-21 00:00:00,18.57,102.706,0.475,0
2024-01-21 01:00:00,20.638,102.654,0.644,0
2024-01-21 02:00:00,21.089,102.768,0.722,0
2024-01-21 03:00:00,22.47,102.717,0.766,0
2024-01-21 04:00:00,22.936,102.594,0.717,0
2024-01-21 05:00:00,23.423,102.596,0.654,0
2024-01-21 06:00:00,23.285,102.572,0.537,0
2024-01-21 07:00:00,23.9,102.311,0.613,0
2024-01-21 08:00:00,22.693,102.179,0.678,0
2024-01-21 09:00:00,22.871,101.967,0.688,0
2024-01-21 10:00:00,22.151,102.109,0.613,0
2024-01-21 11:00:00,20.579,102.027,0.552,0
2024-01-21 12:00:00,18.96,101.898,0.486,0
2024-01-21 13:00:00,18.179,101.954,0.612,0
2024-01-21 14:00:00,16.584,101.802,0.745,0
2024-01-21 15:00:00,16.365,101.86,0.698,0
2024-01-21 16:00:00,13.982,101.893,0.723,0
2024-01-21 17:00:00,14.451,101.91,0.654,0
2024-01-21 18:00:00,13.36,101.946,0.488,0
2024-01-21 19:00:00,13.902,102.478,0.63,0
2024-01-21 20:00:00,16.19,102.209,0.661,0
2024-01-21 21:00:00,16.778,102.309,0.766,0
2024-01-21 22:00:00,16.919,102.598,0.705,0
2024-01-21 23:00:00,17.73,102.68,0.54,0
2024-01-22 00:00:00,18.221,102.518,0.508,0
2024-01-22 01:00:00,21.043,102.955,0.682,0
2024-01-22 02:00:00,24.102,102.797,0.664,0
2024-01-22 03:00:00,24.02,102.636,0.722,0
2024-01-22 04:00:00,24.292,102.939,0.7,0
2024-01-22 05:00:00,25.481,102.782,0.548,0
2024-01-22 06:00:00,24.508,102.4,0.526,0
2024-01-22 07:00:00,25.169,102.741,0.53,0
2024-01-22 08:00:00,24.979,102.446,0.642,0
2024-01-22 09:00:00,24.144,102.218,0.754,0
2024-01-22 10:00:00,23.705,102.337,0.691,0
2024-01-22 11:00:00,22.301,102.017,0.585,0
2024-01-22 12:00:00,10.589,101.907,0.522,1
2024-01-22 13:00:00,19.227,101.759,0.597,0
2024-01-22 14:00:00,19.039,101.924,0.674,0
2024-01-22 15:00:00,18.506,101.921,0.733,0
2024-01-22 16:00:00,16.214,101.898,0.637,0
2024-01-22 17:00:00,15.825,101.854,0.602,0
2024-01-22 18:00:00,17.048,102.093,0.484,0
2024-01-22 19:00:00,16.36,102.183,0.521,0
2024-01-22 20:00:00,17.873,102.124,0.627,0
2024-01-22 21:00:00,17.613,102.236,0.778,0
2024-01-22 22:00:00,19.839,102.666,0.692,0
2024-01-22 23:00:00,20.301,102.3,0.534,0
2024-01-23 00:00:00,21.719,102.808,0.423,0
2024-01-23 01:00:00,23.842,102.763,0.594,0
2024-01-23 02:00:00,23.935,103.056,0.751,0
2024-01-23 03:00:00,24.664,102.777,0.691,0
2024-01-23 04:00:00,25.793,102.907,0.739,0
2024-01-23 05:00:00,26.869,102.676,0.618,0
2024-01-23 06:00:00,25.862,102.655,0.524,0
2024-01-23 07:00:00,27.045,102.633,0.533,0
2024-01-23 08:00:00,25.869,102.326,0.72,0
2024-01-23 09:00:00,26.112,102.417,0.683,0
2024-01-23 10:00:00,22.975,101.998,0.716,0
2024-01-23 11:00:00,22.754,102.086,0.559,0
2024-01-23 12:00:00,20.938,102.098,0.509,0
2024-01-23 13:00:00,20.175,102.005,0.618,0
2024-01-23 14:00:00,19.626,102.172,0.666,0
2024-01-23 15:00:00,18.344,101.783,0.72,0
2024-01-23 16:00:00,17.512,101.737,0.66,0
2024-01-23 17:00:00,17.073,101.871,0.568,0
2024-01-23 18:00:00,17.122,102.221,0.58,0
2024-01-23 19:00:00,16.564,102.317,0.652,0
2024-01-23 20:00:00,18.088,102.388,0.635,0
2024-01-23 21:00:00,18.849,102.336,0.728,0
2024-01-23 22:00:00,19.709,102.744,0.636,0
2024-01-23 23:00:00,21.005,102.555,0.541,0
2024-01-24 00:00:00,22.128,102.999,0.552,0
2024-01-24 01:00:00,24.447,103.311,0.515,0
2024-01-24 02:00:00,24.359,102.962,0.72,0
2024-01-24 03:00:00,25.239,102.986,0.687,0
2024-01-24 04:00:00,25.74,102.782,0.663,0
2024-01-24 05:00:00,26.043,102.512,0.62,0
2024-01-24 06:00:00,26.055,102.596,0.529,0
2024-01-24 07:00:00,26.065,102.406,0.559,0
2024-01-24 08:00:00,26.02,102.227,0.709,0
2024-01-24 09:00:00,25.43,102.574,0.706,0
2024-01-24 10:00:00,24.183,102.236,0.61,0
2024-01-24 11:00:00,22.444,102.146,0.592,0
2024-01-24 12:00:00,22.104,101.961,0.569,0
2024-01-24 13:00:00,20.665,101.928,0.684,0
2024-01-24 14:00:00,18.87,102.077,0.709,0
2024-01-24 15:00:00,17.487,101.941,0.64,0
2024-01-24 16:00:00,17.359,102.071,0.698,0
2024-01-24 17:00:00,16.588,102.039,0.643,0
2024-01-24 18:00:00,15.378,102.119,0.536,0
2024-01-24 19:00:00,16.317,102.079,0.639,0
2024-01-24 20:00:00,16.954,102.124,0.691,0
2024-01-24 21:00:00,16.989,102.513,0.696,0
2024-01-24 22:00:00,18.614,102.686,0.643,0
2024-01-24 23:00:00,18.768,102.594,0.505,0
2024-01-25 00:00:00,21.669,102.868,0.517,0
2024-01-25 01:00:00,22.843,102.938,0.609,0
2024-01-25 02:00:00,23.079,102.632,0.701,0
2024-01-25 03:00:00,24.414,102.809,0.633,0
2024-01-25 04:00:00,23.474,102.965,0.705,0
2024-01-25 05:00:00,24.653,102.89,0.703,0
2024-01-25 06:00:00,25.269,102.561,0.504,0
2024-01-25 07:00:00,24.558,102.642,0.597,0
2024-01-25 08:00:00,25.057,102.645,0.689,0
2024-01-25 09:00:00,24.958,102.48,0.802,0
2024-01-25 10:00:00,21.943,102.228,0.622,0
2024-01-25 11:00:00,20.866,102.067,0.61,0
2024-01-25 12:00:00,20.141,101.961,0.46,0
2024-01-25 13:00:00,19.598,102.072,0.573,0
2024-01-25 14:00:00,16.617,102.01,0.671,0
2024-01-25 15:00:00,16.39,102.088,0.767,0
2024-01-25 16:00:00,16.465,102.059,0.763,0
2024-01-25 17:00:00,13.807,102.239,0.622,0
2024-01-25 18:00:00,13.786,102.232,0.481,0
2024-01-25 19:00:00,14.399,102.456,0.725,0
2024-01-25 20:00:00,14.768,102.599,0.652,0
2024-01-25 21:00:00,16.291,102.48,0.671,0
2024-01-25 22:00:00,16.914,102.454,0.584,0
2024-01-25 23:00:00,16.841,103.066,0.67,0
2024-01-26 00:00:00,22.441,100.959,0.548,1
2024-01-26 01:00:00,23.013,100.721,0.721,1
2024-01-26 02:00:00,25.265,100.896,0.604,1
2024-01-26 03:00:00,25.095,101.11,0.773,1
2024-01-26 04:00:00,25.822,100.91,0.677,1
2024-01-26 05:00:00,26.967,100.803,0.64,1
2024-01-26 06:00:00,27.211,100.992,0.418,1
2024-01-26 07:00:00,26.794,100.509,0.673,1
2024-01-26 08:00:00,24.958,100.42,0.713,1
2024-01-26 09:00:00,25.444,100.443,0.698,1
2024-01-26 10:00:00,23.413,,0.705,1
2024-01-26 11:00:00,22.919,100.26,0.562,1
2024-01-26 12:00:00,20.582,100.24,0.471,1
2024-01-26 13:00:00,20.365,100.079,0.577,1
2024-01-26 14:00:00,18.364,100.102,0.581,1
2024-01-26 15:00:00,17.001,100.003,0.743,1
2024-01-26 16:00:00,17.366,100.097,0.733,1
2024-01-26 17:00:00,16.547,100.18,0.565,1
2024-01-26 18:00:00,15.83,100.298,0.517,1
2024-01-26 19:00:00,17.208,100.502,0.587,1
2024-01-26 20:00:00,13.544,102.6,0.69,0
2024-01-26 21:00:00,14.596,102.655,0.669,0
2024-01-26 22:00:00,15.75,102.652,0.629,0
2024-01-26 23:00:00,16.402,102.893,0.653,0
2024-01-27 00:00:00,18.333,102.965,0.497,0
2024-01-27 01:00:00,19.009,103.055,0.701,0
2024-01-27 02:00:00,20.275,103.382,0.676,0
2024-01-27 03:00:00,22.366,102.964,0.654,0
2024-01-27 04:00:00,21.711,103.064,0.735,0
2024-01-27 05:00:00,21.383,103.088,0.632,0
2024-01-27 06:00:00,23.967,102.845,0.536,0
2024-01-27 07:00:00,24.361,103.065,0.66,0
2024-01-27 08:00:00,22.093,102.531,0.641,0
2024-01-27 09:00:00,20.386,102.508,0.694,0
2024-01-27 10:00:00,20.336,102.219,0.665,0
2024-01-27 11:00:00,19.157,102.181,0.535,0
2024-01-27 12:00:00,17.936,102.189,0.487,0
2024-01-27 13:00:00,16.106,102.225,0.667,0
2024-01-27 14:00:00,15.937,102.124,0.685,0
2024-01-27 15:00:00,14.891,102.278,0.633,0
2024-01-27 16:00:00,12.911,102.121,0.595,0
2024-01-27 17:00:00,13.757,102.162,0.683,0
2024-01-27 18:00:00,14.43,102.719,0.495,0
2024-01-27 19:00:00,13.505,102.493,0.568,0
2024-01-27 20:00:00,13.735,102.456,0.66,0
2024-01-27 21:00:00,14.686,102.592,0.626,0
2024-01-27 22:00:00,16.217,102.68,0.744,0
2024-01-27 23:00:00,16.058,103.071,0.58,0
2024-01-28 00:00:00,18.535,102.962,0.568,0
2024-01-28 01:00:00,19.544,103.093,0.603,0
2024-01-28 02:00:00,22.143,103.09,0.745,0
2024-01-28 03:00:00,22.017,103.2,0.713,0
2024-01-28 04:00:00,23.971,102.921,0.716,0
2024-01-28 05:00:00,22.863,102.815,0.636,0
2024-01-28 06:00:00,24.105,102.912,0.531,0
2024-01-28 07:00:00,23.834,102.852,0.617,0
2024-01-28 08:00:00,22.682,102.685,0.662,0
2024-01-28 09:00:00,22.578,102.386,0.796,0
2024-01-28 10:00:00,22.228,102.488,0.628,0
2024-01-28 11:00:00,20.165,102.17,0.6,0
2024-01-28 12:00:00,18.117,102.121,0.501,0
2024-01-28 13:00:00,17.896,102.004,0.62,0
2024-01-28 14:00:00,16.228,102.32,0.652,0
2024-01-28 15:00:00,15.599,102.232,0.716,0
2024-01-28 16:00:00,15.031,102.274,0.665,0
2024-01-28 17:00:00,13.629,102.447,0.521,0
2024-01-28 18:00:00,13.586,102.784,0.5,0
2024-01-28 19:00:00,15.088,102.226,0.545,0
2024-01-28 20:00:00,15.058,102.502,0.586,0
2024-01-28 21:00:00,14.702,102.652,0.707,0
2024-01-28 22:00:00,17.821,102.742,0.698,0
2024-01-28 23:00:00,18.795,102.817,0.626,0
2024-01-29 00:00:00,19.572,,0.528,0
2024-01-29 01:00:00,20.579,102.94,0.503,0
2024-01-29 02:00:00,23.151,103.198,0.605,0
2024-01-29 03:00:00,23.969,103.146,0.799,0
2024-01-29 04:00:00,26.058,103.168,0.621,0
2024-01-29 05:00:00,25.454,103.1,0.631,0
2024-01-29 06:00:00,25.678,103.017,0.466,0
2024-01-29 07:00:00,25.247,102.754,0.604,0
2024-01-29 08:00:00,25.41,103.002,0.642,0
2024-01-29 09:00:00,24.571,,0.728,0
2024-01-29 10:00:00,23.982,102.155,0.68,0
2024-01-29 11:00:00,21.781,102.179,0.578,0
2024-01-29 12:00:00,20.607,101.986,0.447,0
2024-01-29 13:00:00,19.353,102.196,0.613,0
2024-01-29 14:00:00,18.974,102.154,0.613,0
2024-01-29 15:00:00,18.428,102.115,0.721,0
2024-01-29 16:00:00,16.521,102.533,0.805,0
2024-01-29 17:00:00,16.103,102.391,0.668,0
2024-01-29 18:00:00,16.435,102.519,0.536,0
2024-01-29 19:00:00,16.327,102.39,0.596,0
2024-01-29 20:00:00,17.601,102.511,0.576,0
2024-01-29 21:00:00,16.528,102.798,0.634,0
2024-01-29 22:00:00,18.47,102.943,0.737,0
2024-01-29 23:00:00,19.752,102.748,0.561,0
2024-01-30 00:00:00,20.171,103.086,0.465,0
2024-01-30 01:00:00,22.325,103.172,0.592,0
2024-01-30 02:00:00,23.603,103.163,0.62,0
2024-01-30 03:00:00,25.108,103.065,0.639,0
2024-01-30 04:00:00,26.73,103.063,0.671,0
2024-01-30 05:00:00,26.451,103.045,0.555,0
2024-01-30 06:00:00,26.183,102.988,0.463,0
2024-01-30 07:00:00,26.629,102.949,0.561,0
2024-01-30 08:00:00,26.821,102.894,0.699,0
2024-01-30 09:00:00,24.838,102.559,0.688,0
2024-01-30 10:00:00,23.865,102.414,0.664,0
2024-01-30 11:00:00,23.561,102.443,0.63,0
2024-01-30 12:00:00,21.817,102.387,0.493,0
2024-01-30 13:00:00,21.06,102.177,0.586,0
2024-01-30 14:00:00,19.469,102.339,0.697,0
2024-01-30 15:00:00,18.873,102.38,0.733,0
2024-01-30 16:00:00,17.043,102.473,0.666,0
2024-01-30 17:00:00,17.162,102.623,0.604,0
2024-01-30 18:00:00,16.874,102.328,0.461,0
2024-01-30 19:00:00,16.439,102.58,0.557,0
2024-01-30 20:00:00,16.726,102.71,0.712,0
2024-01-30 21:00:00,18.863,102.826,0.722,0
2024-01-30 22:00:00,19.267,102.868,0.696,0
2024-01-30 23:00:00,20.058,102.852,0.614,0
2024-01-31 00:00:00,21.892,103.175,0.502,0
2024-01-31 01:00:00,23.903,103.103,0.635,0
2024-01-31 02:00:00,23.043,103.256,0.72,0
2024-01-31 03:00:00,24.525,103.115,0.746,0
2024-01-31 04:00:00,25.638,103.027,0.668,0
2024-01-31 05:00:00,27.539,103.155,0.669,0
2024-01-31 06:00:00,26.971,103.045,0.511,0
2024-01-31 07:00:00,27.058,102.993,0.632,0
2024-01-31 08:00:00,25.378,103.107,0.687,0
2024-01-31 09:00:00,24.557,102.693,0.712,0
2024-01-31 10:00:00,24.421,102.603,0.636,0
2024-01-31 11:00:00,22.938,102.264,0.635,0
2024-01-31 12:00:00,21.893,102.15,0.642,0
2024-01-31 13:00:00,20.109,102.527,0.581,0
2024-01-31 14:00:00,19.133,102.13,0.677,0
2024-01-31 15:00:00,17.974,102.125,0.678,0
2024-01-31 16:00:00,17.497,102.322,0.649,0
2024-01-31 17:00:00,16.959,102.391,0.677,0
2024-01-31 18:00:00,15.275,102.37,0.466,0
2024-01-31 19:00:00,15.01,102.58,0.576,0
2024-01-31 20:00:00,17.398,102.941,0.594,0
2024-01-31 21:00:00,18.241,102.768,0.662,0
2024-01-31 22:00:00,17.888,102.804,0.588,0
2024-01-31 23:00:00,18.525,103.264,0.632,0
2024-02-01 00:00:00,20.927,103.283,0.64,0
2024-02-01 01:00:00,22.652,103.173,0.582,0
2024-02-01 02:00:00,24.309,103.054,0.59,0
2024-02-01 03:00:00,24.506,103.171,0.745,0
2024-02-01 04:00:00,24.697,103.232,0.637,0
2024-02-01 05:00:00,24.811,103.343,0.665,0
2024-02-01 06:00:00,25.452,102.915,0.486,0
2024-02-01 07:00:00,25.022,102.941,0.568,0
2024-02-01 08:00:00,24.019,102.929,0.664,0
2024-02-01 09:00:00,24.989,102.342,0.738,0
2024-02-01 10:00:00,23.721,102.734,0.662,0
2024-02-01 11:00:00,22.051,102.296,0.575,0
2024-02-01 12:00:00,19.447,102.441,0.49,0
2024-02-01 13:00:00,19.144,102.375,0.536,0
2024-02-01 14:00:00,17.734,102.479,0.693,0
2024-02-01 15:00:00,16.506,102.412,0.611,0
2024-02-01 16:00:00,16.122,102.019,0.651,0
2024-02-01 17:00:00,15.18,102.334,0.638,0
2024-02-01 18:00:00,14.999,102.575,0.515,0
2024-02-01 19:00:00,15.035,102.645,0.63,0
2024-02-01 20:00:00,15.285,102.876,0.67,0
2024-02-01 21:00:00,14.734,103.055,0.758,0
2024-02-01 22:00:00,16.819,103.153,0.719,0
2024-02-01 23:00:00,17.572,103.138,0.622,0
2024-02-02 00:00:00,18.364,102.98,0.546,0
2024-02-02 01:00:00,21.369,103.246,0.638,0
2024-02-02 02:00:00,22.537,103.402,0.651,0
2024-02-02 03:00:00,23.287,103.167,0.633,0
2024-02-02 04:00:00,23.357,103.383,0.694,0
2024-02-02 05:00:00,24.452,103.352,0.627,0
2024-02-02 06:00:00,23.76,103.137,0.555,0
2024-02-02 07:00:00,23.647,102.542,0.553,0
2024-02-02 08:00:00,22.314,102.684,0.628,0
2024-02-02 09:00:00,22.36,103.03,0.723,0
2024-02-02 10:00:00,21.07,102.545,0.67,0
2024-02-02 11:00:00,18.997,102.224,0.506,0
2024-02-02 12:00:00,18.406,102.625,0.519,0
2024-02-02 13:00:00,17.049,102.388,0.507,0
2024-02-02 14:00:00,16.926,102.53,0.626,0
2024-02-02 15:00:00,15.308,102.419,0.768,0
2024-02-02 16:00:00,13.945,102.492,0.764,0
2024-02-02 17:00:00,13.551,102.555,0.539,0
2024-02-02 18:00:00,13.225,102.706,0.484,0
2024-02-02 19:00:00,13.215,103.064,0.602,0
2024-02-02 20:00:00,13.159,102.998,0.762,0
2024-02-02 21:00:00,14.486,102.747,0.675,0
2024-02-02 22:00:00,15.141,103.176,0.649,0
2024-02-02 23:00:00,16.024,103.39,0.677,0
2024-02-03 00:00:00,18.357,103.485,0.481,0
2024-02-03 01:00:00,19.564,103.298,0.636,0
2024-02-03 02:00:00,19.45,103.562,0.599,0
2024-02-03 03:00:00,21.474,103.518,0.691,0
2024-02-03 04:00:00,22.933,103.722,0.59,0
2024-02-03 05:00:00,23.467,103.151,0.547,0
2024-02-03 06:00:00,23.616,103.09,0.542,0
2024-02-03 07:00:00,22.854,103.004,0.598,0
2024-02-03 08:00:00,21.829,102.85,0.657,0
2024-02-03 09:00:00,20.898,102.662,0.663,0
2024-02-03 10:00:00,20.729,102.26,0.662,0
2024-02-03 11:00:00,19.557,102.504,0.615,0
2024-02-03 12:00:00,18.823,102.543,0.549,0
2024-02-03 13:00:00,17.434,102.36,0.469,0
2024-02-03 14:00:00,15.51,102.703,0.632,0
2024-02-03 15:00:00,13.83,102.427,0.708,0
2024-02-03 16:00:00,13.617,102.665,0.668,0
2024-02-03 17:00:00,13.468,102.587,0.62,0
2024-02-03 18:00:00,13.077,102.774,0.513,0
2024-02-03 19:00:00,13.055,102.812,0.585,0
2024-02-03 20:00:00,14.09,103.106,0.647,0
2024-02-03 21:00:00,14.469,103.041,0.688,0
2024-02-03 22:00:00,15.471,103.232,0.731,0
2024-02-03 23:00:00,17.284,103.321,0.563,0
2024-02-04 00:00:00,18.195,103.309,0.497,0
2024-02-04 01:00:00,19.925,103.471,0.609,0
2024-02-04 02:00:00,21.198,103.771,0.751,0
2024-02-04 03:00:00,21.438,103.386,0.685,0
2024-02-04 04:00:00,22.681,103.447,0.721,0
2024-02-04 05:00:00,24.388,103.501,0.662,0
2024-02-04 06:00:00,23.056,103.385,0.497,0
2024-02-04 07:00:00,22.372,103.1,0.589,0
2024-02-04 08:00:00,22.086,102.614,0.657,0
2024-02-04 09:00:00,22.489,102.921,0.687,0
2024-02-04 10:00:00,21.519,102.39,0.716,0
2024-02-04 11:00:00,20.289,102.838,0.612,0
2024-02-04 12:00:00,19.861,102.561,0.512,0
2024-02-04 13:00:00,16.302,102.632,0.544,0
2024-02-04 14:00:00,17.007,102.325,0.625,0
2024-02-04 15:00:00,16.741,102.241,0.807,0
2024-02-04 16:00:00,14.404,102.559,0.664,0
2024-02-04 17:00:00,14.425,102.591,0.561,0
2024-02-04 18:00:00,14.103,102.624,0.572,0
2024-02-04 19:00:00,14.262,102.831,0.614,0
2024-02-04 20:00:00,15.176,103.364,0.702,0
2024-02-04 21:00:00,17.097,103.206,0.693,0
2024-02-04 22:00:00,18.453,103.363,0.657,0
2024-02-04 23:00:00,18.43,103.441,0.592,0
2024-02-05 00:00:00,21.143,103.623,0.431,0
2024-02-05 01:00:00,21.39,103.43,0.596,0
2024-02-05 02:00:00,23.702,103.175,0.688,0
2024-02-05 03:00:00,23.703,103.446,0.793,0
2024-02-05 04:00:00,24.707,103.554,0.678,0
2024-02-05 05:00:00,25.421,103.214,0.483,0
2024-02-05 06:00:00,27.352,103.236,0.495,0
2024-02-05 07:00:00,25.858,103.042,0.737,0
2024-02-05 08:00:00,24.495,103.245,0.717,0
2024-02-05 09:00:00,24.777,103.004,0.659,0
2024-02-05 10:00:00,23.014,102.868,0.703,0
2024-02-05 11:00:00,21.8,102.759,0.563,0
2024-02-05 12:00:00,21.413,102.578,0.432,0
2024-02-05 13:00:00,19.659,102.559,0.583,0
2024-02-05 14:00:00,18.667,102.331,0.678,0
2024-02-05 15:00:00,17.537,102.194,0.606,0
2024-02-05 16:00:00,16.998,,0.616,0
2024-02-05 17:00:00,16.613,102.693,0.601,0
2024-02-05 18:00:00,15.085,102.927,0.48,0
2024-02-05 19:00:00,16.875,103.102,0.62,0
2024-02-05 20:00:00,16.441,103.232,0.612,0
2024-02-05 21:00:00,17.013,102.979,0.736,0
2024-02-05 22:00:00,18.931,103.2,0.614,0
2024-02-05 23:00:00,20.272,103.435,0.682,0
2024-02-06 00:00:00,21.148,103.829,0.414,0
2024-02-06 01:00:00,23.402,103.728,0.545,0
2024-02-06 02:00:00,23.347,103.699,0.694,0
2024-02-06 03:00:00,24.985,103.464,0.783,0
2024-02-06 04:00:00,25.711,103.348,0.689,0
2024-02-06 05:00:00,26.57,103.526,0.628,0
2024-02-06 06:00:00,26.969,103.145,0.501,0
2024-02-06 07:00:00,26.058,103.158,0.549,0
2024-02-06 08:00:00,26.626,103.05,0.649,0
2024-02-06 09:00:00,25.461,103.178,0.639,0
2024-02-06 10:00:00,23.276,102.766,0.609,0
2024-02-06 11:00:00,22.051,102.348,0.62,0
2024-02-06 12:00:00,21.942,102.707,0.444,0
2024-02-06 13:00:00,20.538,102.473,0.616,0
2024-02-06 14:00:00,19.416,102.563,0.608,0
2024-02-06 15:00:00,18.435,102.556,0.715,0
2024-02-06 16:00:00,17.8,102.575,0.649,0
2024-02-06 17:00:00,17.738,102.811,0.67,0
2024-02-06 18:00:00,16.333,102.564,0.516,0
2024-02-06 19:00:00,16.466,102.836,0.662,0
2024-02-06 20:00:00,17.008,103.147,0.635,0
2024-02-06 21:00:00,18.625,103.084,0.703,0
2024-02-06 22:00:00,20.225,103.06,0.624,0
2024-02-06 23:00:00,20.412,103.511,0.579,0
2024-02-07 00:00:00,20.449,103.665,0.487,0
2024-02-07 01:00:00,22.204,103.548,0.564,0
2024-02-07 02:00:00,23.911,103.285,0.612,0
2024-02-07 03:00:00,25.089,103.676,0.629,0
2024-02-07 04:00:00,25.947,103.279,0.556,0
2024-02-07 05:00:00,26.686,103.502,0.547,0
2024-02-07 06:00:00,26.615,103.225,0.531,0
2024-02-07 07:00:00,27.227,103.068,0.52,0
2024-02-07 08:00:00,25.657,103.049,0.605,0
2024-02-07 09:00:00,24.712,102.96,0.79,0
2024-02-07 10:00:00,24.44,102.77,0.641,0
2024-02-07 11:00:00,21.982,102.85,0.616,0
2024-02-07 12:00:00,21.797,102.612,0.532,0
2024-02-07 13:00:00,20.283,102.773,0.633,0
2024-02-07 14:00:00,18.878,102.647,0.597,0
2024-02-07 15:00:00,18.832,102.513,0.688,0
2024-02-07 16:00:00,16.657,102.534,0.592,0
2024-02-07 17:00:00,17.711,102.493,0.722,0
2024-02-07 18:00:00,16.112,102.885,0.42,0
2024-02-07 19:00:00,15.592,102.909,0.548,0
2024-02-07 20:00:00,16.838,102.737,0.621,0
2024-02-07 21:00:00,16.883,103.144,0.625,0
2024-02-07 22:00:00,18.049,103.214,0.741,0
2024-02-07 23:00:00,19.879,103.695,0.721,0
2024-02-08 00:00:00,21.201,103.289,0.476,0
2024-02-08 01:00:00,21.721,103.386,0.534,0
2024-02-08 02:00:00,23.823,103.794,0.561,0
2024-02-08 03:00:00,24.891,103.822,0.688,0
2024-02-08 04:00:00,25.781,103.465,0.657,0
2024-02-08 05:00:00,25.665,103.409,0.567,0
2024-02-08 06:00:00,26.263,103.499,0.511,0
2024-02-08 07:00:00,24.073,102.941,0.62,0
2024-02-08 08:00:00,24.437,102.884,0.689,0
2024-02-08 09:00:00,23.239,102.993,0.684,0
2024-02-08 10:00:00,22.721,103.147,0.618,0
2024-02-08 11:00:00,21.026,102.744,0.633,0
2024-02-08 12:00:00,19.9,102.742,0.501,0
2024-02-08 13:00:00,19.76,102.844,0.644,0
2024-02-08 14:00:00,17.249,102.969,0.713,0
2024-02-08 15:00:00,16.489,102.579,0.629,0
2024-02-08 16:00:00,15.232,102.709,0.601,0
2024-02-08 17:00:00,14.844,103.061,0.562,0
2024-02-08 18:00:00,14.559,102.662,0.447,0
2024-02-08 19:00:00,14.922,103.164,0.638,0
2024-02-08 20:00:00,15.78,102.988,0.691,0
2024-02-08 21:00:00,16.792,103.288,0.755,0
2024-02-08 22:00:00,16.955,103.361,0.693,0
2024-02-08 23:00:00,18.26,103.363,0.61,0
2024-02-09 00:00:00,18.442,103.445,0.56,0
2024-02-09 01:00:00,20.307,103.692,0.623,0
2024-02-09 02:00:00,22.064,103.825,0.677,0
2024-02-09 03:00:00,22.991,103.647,0.774,0
2024-02-09 04:00:00,23.33,103.635,0.679,0
2024-02-09 05:00:00,24.174,103.638,0.585,0
2024-02-09 06:00:00,24.047,103.308,0.458,0
2024-02-09 07:00:00,24.245,103.449,0.635,0
2024-02-09 08:00:00,23.143,103.334,0.735,0
2024-02-09 09:00:00,21.908,103.474,0.697,0
2024-02-09 10:00:00,21.235,102.906,0.739,0
2024-02-09 11:00:00,18.02,102.789,0.501,0
2024-02-09 12:00:00,18.666,102.891,0.497,0
2024-02-09 13:00:00,14.908,102.845,0.598,0
2024-02-09 14:00:00,14.813,102.62,0.637,0
2024-02-09 15:00:00,15.042,102.653,0.819,0
2024-02-09 16:00:00,14.224,102.841,0.67,0
2024-02-09 17:00:00,12.705,102.712,0.58,0
2024-02-09 18:00:00,12.771,102.876,0.501,0
2024-02-09 19:00:00,14.16,103.071,0.5,0
2024-02-09 20:00:00,13.518,103.338,0.635,0
2024-02-09 21:00:00,15.922,103.23,0.749,0
2024-02-09 22:00:00,15.588,103.169,0.642,0
2024-02-09 23:00:00,17.019,103.267,0.559,0
2024-02-10 00:00:00,19.02,103.452,0.565,0
2024-02-10 01:00:00,19.408,103.501,0.667,0
2024-02-10 02:00:00,19.921,103.7,0.699,0
2024-02-10 03:00:00,21.482,103.536,0.677,0
2024-02-10 04:00:00,22.314,103.567,0.661,0
2024-02-10 05:00:00,22.012,103.484,0.56,0
2024-02-10 06:00:00,22.847,103.436,0.45,0
2024-02-10 07:00:00,22.386,103.584,0.548,0
2024-02-10 08:00:00,22.89,103.359,0.642,0
2024-02-10 09:00:00,21.569,103.134,0.648,0
2024-02-10 10:00:00,20.353,102.942,0.595,0
2024-02-10 11:00:00,19.265,102.841,0.611,0
2024-02-10 12:00:00,18.184,102.872,0.512,0
2024-02-10 13:00:00,17.144,102.857,0.685,0
2024-02-10 14:00:00,14.989,102.612,0.64,0
2024-02-10 15:00:00,13.952,102.767,0.715,0
2024-02-10 16:00:00,14.471,102.503,0.689,0
2024-02-10 17:00:00,13.09,102.916,0.587,0
2024-02-10 18:00:00,12.348,103.1,0.537,0
2024-02-10 19:00:00,13.668,103.064,0.639,0
2024-02-10 20:00:00,14.216,103.509,0.69,0
2024-02-10 21:00:00,13.853,103.236,0.687,0
2024-02-10 22:00:00,15.985,103.526,0.655,0
2024-02-10 23:00:00,17.538,103.597,0.532,0
2024-02-11 00:00:00,18.661,103.674,0.46,0
2024-02-11 01:00:00,20.157,103.729,0.569,0
2024-02-11 02:00:00,20.191,103.788,0.617,0
2024-02-11 03:00:00,22.32,103.89,0.722,0
2024-02-11 04:00:00,22.788,103.927,0.733,0
2024-02-11 05:00:00,23.235,103.648,0.555,0
2024-02-11 06:00:00,24.275,103.672,0.514,0
2024-02-11 07:00:00,24.53,103.329,0.548,0
2024-02-11 08:00:00,24.28,103.422,0.658,0
2024-02-11 09:00:00,23.26,103.065,0.665,0
2024-02-11 10:00:00,21.434,103.222,0.703,0
2024-02-11 11:00:00,20.571,103.285,0.566,0
2024-02-11 12:00:00,19.592,102.853,0.551,0
2024-02-11 13:00:00,17.979,102.489,0.588,0
2024-02-11 14:00:00,16.848,102.714,0.641,0
2024-02-11 15:00:00,16.298,102.994,0.637,0
2024-02-11 16:00:00,15.045,102.939,0.263,1
2024-02-11 17:00:00,14.215,102.969,0.772,1
2024-02-11 18:00:00,14.306,103.185,0.459,1
2024-02-11 19:00:00,15.179,103.227,0.742,1
2024-02-11 20:00:00,15.374,103.467,1.16,1
2024-02-11 21:00:00,16.445,103.554,0.21,1
2024-02-11 22:00:00,17.753,103.77,0.563,1
2024-02-11 23:00:00,18.406,103.704,0.699,1
2024-02-12 00:00:00,20.454,103.873,0.176,1
2024-02-12 01:00:00,21.596,103.748,1.231,1
2024-02-12 02:00:00,21.909,103.729,1.055,1
2024-02-12 03:00:00,24.625,104.067,0.829,1
2024-02-12 04:00:00,24.328,103.801,1.425,1
2024-02-12 05:00:00,24.208,103.817,0.087,1
2024-02-12 06:00:00,24.818,103.617,0.505,1
2024-02-12 07:00:00,24.735,103.394,0.741,1
2024-02-12 08:00:00,24.951,103.357,0.383,1
2024-02-12 09:00:00,24.032,103.443,0.869,1
2024-02-12 10:00:00,23.029,103.19,0.215,1
2024-02-12 11:00:00,22.466,102.745,0.876,1
2024-02-12 12:00:00,21.072,102.887,0.933,1
2024-02-12 13:00:00,19.83,103.133,0.727,1
2024-02-12 14:00:00,18.746,102.812,-0.136,1
2024-02-12 15:00:00,17.898,102.587,0.236,1
2024-02-12 16:00:00,15.532,103.188,0.855,1
2024-02-12 17:00:00,16.139,,0.56,1
2024-02-12 18:00:00,14.939,103.071,-0.61,1
2024-02-12 19:00:00,16.497,103.146,1.129,1
2024-02-12 20:00:00,17.027,103.495,0.719,1
2024-02-12 21:00:00,18.506,103.383,0.382,1
2024-02-12 22:00:00,19.679,103.762,0.612,0
2024-02-12 23:00:00,20.344,103.78,0.577,0
2024-02-13 00:00:00,9.432,103.821,0.529,1
2024-02-13 01:00:00,23.194,103.864,0.63,0
2024-02-13 02:00:00,23.836,103.841,0.637,0
2024-02-13 03:00:00,25.228,104.015,0.708,0
2024-02-13 04:00:00,26.654,103.687,0.783,0
2024-02-13 05:00:00,26.263,103.501,0.599,0
2024-02-13 06:00:00,27.285,103.738,0.465,0
2024-02-13 07:00:00,27.069,103.625,0.591,0
2024-02-13 08:00:00,25.619,103.476,0.678,0
2024-02-13 09:00:00,26.008,103.337,0.692,0
2024-02-13 10:00:00,24.83,103.107,0.672,0
2024-02-13 11:00:00,23.287,103.168,0.528,0
2024-02-13 12:00:00,21.492,102.96,0.452,0
2024-02-13 13:00:00,20.156,102.841,0.593,0
2024-02-13 14:00:00,19.155,102.846,0.665,0
2024-02-13 15:00:00,18.777,103.209,0.672,0
2024-02-13 16:00:00,17.091,102.691,0.664,0
2024-02-13 17:00:00,17.431,103.103,0.603,0
2024-02-13 18:00:00,16.255,102.878,0.544,0
2024-02-13 19:00:00,17.047,103.234,0.595,0
2024-02-13 20:00:00,17.73,103.315,0.693,0
2024-02-13 21:00:00,19.919,103.2,0.673,0
2024-02-13 22:00:00,18.651,103.696,0.702,0
2024-02-13 23:00:00,21.554,103.689,0.619,0
2024-02-14 00:00:00,22.04,103.518,0.543,0
2024-02-14 01:00:00,23.473,104.016,0.636,0
2024-02-14 02:00:00,24.482,104.131,0.703,0
2024-02-14 03:00:00,25.69,104.13,0.695,0
2024-02-14 04:00:00,26.1,103.918,0.685,0
2024-02-14 05:00:00,27.535,103.799,0.653,0
2024-02-14 06:00:00,26.528,103.893,0.467,0
2024-02-14 07:00:00,27.277,103.83,0.569,0
2024-02-14 08:00:00,34.331,103.622,0.682,1
2024-02-14 09:00:00,25.193,103.182,0.721,0
2024-02-14 10:00:00,23.509,103.233,0.632,0
2024-02-14 11:00:00,23.176,103.163,0.596,0
2024-02-14 12:00:00,22.431,102.744,0.495,0
2024-02-14 13:00:00,20.175,103.032,0.489,0
2024-02-14 14:00:00,18.848,103.282,0.662,0
2024-02-14 15:00:00,17.21,103.049,0.692,0
2024-02-14 16:00:00,16.893,103.221,0.665,0
2024-02-14 17:00:00,15.519,103.104,0.671,0
2024-02-14 18:00:00,15.699,103.167,0.439,0
2024-02-14 19:00:00,16.494,103.355,0.559,0
2024-02-14 20:00:00,17.588,103.306,0.543,0
2024-02-14 21:00:00,19.214,103.416,0.676,0
2024-02-14 22:00:00,18.148,103.875,0.653,0
2024-02-14 23:00:00,20.502,104.0,0.575,0
2024-02-15 00:00:00,21.014,103.732,0.555,0
2024-02-15 01:00:00,22.003,104.084,0.643,0
2024-02-15 02:00:00,23.49,103.95,0.677,0
2024-02-15 03:00:00,24.233,104.006,0.681,0
2024-02-15 04:00:00,24.986,103.981,0.725,0
2024-02-15 05:00:00,25.102,103.989,0.599,0
2024-02-15 06:00:00,24.606,103.755,0.459,0
2024-02-15 07:00:00,24.275,103.838,0.514,0
2024-02-15 08:00:00,25.02,103.546,0.651,0
2024-02-15 09:00:00,23.593,103.465,0.738,0
2024-02-15 10:00:00,22.292,103.126,0.787,0
2024-02-15 11:00:00,21.374,103.469,0.603,0
2024-02-15 12:00:00,20.477,103.134,0.462,0
2024-02-15 13:00:00,18.739,103.117,0.541,0
2024-02-15 14:00:00,16.957,102.747,0.701,0
2024-02-15 15:00:00,16.976,102.878,0.612,0
2024-02-15 16:00:00,16.319,103.233,0.701,0
2024-02-15 17:00:00,15.095,103.167,0.641,0
2024-02-15 18:00:00,15.139,102.939,0.522,0
2024-02-15 19:00:00,15.398,103.502,0.589,0
2024-02-15 20:00:00,15.758,103.395,0.701,0
2024-02-15 21:00:00,16.172,103.82,0.709,0
2024-02-15 22:00:00,17.128,103.72,0.634,0
2024-02-15 23:00:00,18.218,103.873,0.693,0
2024-02-16 00:00:00,18.474,104.106,0.482,0
2024-02-16 01:00:00,20.78,103.852,0.639,0
2024-02-16 02:00:00,20.687,103.863,0.552,0
2024-02-16 03:00:00,21.995,103.973,0.764,0
2024-02-16 04:00:00,23.986,104.084,0.747,0
2024-02-16 05:00:00,24.146,103.688,0.601,0
2024-02-16 06:00:00,24.645,103.54,0.528,0
2024-02-16 07:00:00,23.362,103.798,0.628,0
2024-02-16 08:00:00,22.278,103.457,0.641,0
2024-02-16 09:00:00,21.977,103.361,0.727,0
2024-02-16 10:00:00,21.095,103.02,0.633,0
2024-02-16 11:00:00,19.826,103.092,0.57,0
2024-02-16 12:00:00,19.117,103.11,0.556,0
2024-02-16 13:00:00,16.88,103.197,0.649,0
2024-02-16 14:00:00,16.059,102.921,0.638,0
2024-02-16 15:00:00,14.178,103.298,0.663,0
2024-02-16 16:00:00,14.208,102.993,0.641,0
2024-02-16 17:00:00,13.404,103.07,0.637,0
2024-02-16 18:00:00,12.748,103.504,0.45,0
2024-02-16 19:00:00,13.196,103.426,0.618,0
2024-02-16 20:00:00,13.698,103.442,0.711,0
2024-02-16 21:00:00,14.415,103.633,0.696,0
2024-02-16 22:00:00,16.652,103.984,0.724,0
2024-02-16 23:00:00,16.715,104.11,0.585,0
2024-02-17 00:00:00,17.904,103.854,0.489,0
2024-02-17 01:00:00,18.07,104.028,0.551,0
2024-02-17 02:00:00,19.986,104.073,0.724,0
2024-02-17 03:00:00,21.39,103.903,0.662,0
2024-02-17 04:00:00,21.924,104.0,0.691,0
2024-02-17 05:00:00,23.66,103.937,0.596,0
2024-02-17 06:00:00,22.901,104.009,0.447,0
2024-02-17 07:00:00,23.604,103.903,0.57,0
2024-02-17 08:00:00,22.373,103.546,0.742,0
2024-02-17 09:00:00,21.57,103.435,0.71,0
2024-02-17 10:00:00,20.469,103.446,0.623,0
2024-02-17 11:00:00,19.331,103.154,0.615,0
2024-02-17 12:00:00,19.081,103.248,0.493,0
2024-02-17 13:00:00,15.382,103.092,0.773,0
2024-02-17 14:00:00,14.388,102.939,0.687,0
2024-02-17 15:00:00,14.251,102.954,0.681,0
2024-02-17 16:00:00,13.817,103.361,0.744,0
2024-02-17 17:00:00,13.751,103.197,0.508,0
2024-02-17 18:00:00,13.482,103.568,0.505,0
2024-02-17 19:00:00,13.172,103.365,0.7,0
2024-02-17 20:00:00,14.549,103.616,0.667,0
2024-02-17 21:00:00,15.389,104.063,0.613,0
2024-02-17 22:00:00,15.958,103.671,0.653,0
2024-02-17 23:00:00,17.674,103.654,0.673,0
2024-02-18 00:00:00,18.6,104.218,0.519,0
2024-02-18 01:00:00,19.441,103.958,0.558,0
2024-02-18 02:00:00,21.453,104.104,0.639,0
2024-02-18 03:00:00,22.188,104.011,0.672,0
2024-02-18 04:00:00,22.971,104.097,0.691,0
2024-02-18 05:00:00,24.409,103.841,0.667,0
2024-02-18 06:00:00,22.282,103.859,0.553,0
2024-02-18 07:00:00,22.791,103.838,0.623,0
2024-02-18 08:00:00,22.491,103.492,0.607,0
2024-02-18 09:00:00,22.254,103.411,0.634,0
2024-02-18 10:00:00,21.347,103.343,0.7,0
2024-02-18 11:00:00,19.455,103.075,0.533,0
2024-02-18 12:00:00,18.541,103.144,0.489,0
2024-02-18 13:00:00,17.39,103.171,0.615,0
2024-02-18 14:00:00,18.244,103.073,0.616,0
2024-02-18 15:00:00,16.885,103.105,0.649,0
2024-02-18 16:00:00,14.833,103.189,0.668,0
2024-02-18 17:00:00,14.435,103.17,0.625,0
2024-02-18 18:00:00,13.865,103.474,0.553,0
2024-02-18 19:00:00,13.654,103.705,0.63,0
2024-02-18 20:00:00,15.302,103.551,0.677,0
2024-02-18 21:00:00,15.642,103.825,0.663,0
2024-02-18 22:00:00,17.3,103.841,0.62,0
2024-02-18 23:00:00,17.671,104.041,0.574,0
2024-02-19 00:00:00,19.543,104.308,0.52,0
2024-02-19 01:00:00,21.458,104.207,0.617,0
2024-02-19 02:00:00,22.869,103.889,0.568,0
2024-02-19 03:00:00,24.01,104.215,0.661,0
2024-02-19 04:00:00,23.836,104.289,0.733,0
2024-02-19 05:00:00,25.714,103.999,0.604,0
2024-02-19 06:00:00,24.965,104.083,0.429,0
2024-02-19 07:00:00,25.727,103.715,0.718,0
2024-02-19 08:00:00,24.913,103.469,0.672,0
2024-02-19 09:00:00,23.37,103.585,0.719,0
2024-02-19 10:00:00,23.041,103.179,0.693,0
2024-02-19 11:00:00,22.313,103.302,0.582,0
2024-02-19 12:00:00,21.236,103.448,0.464,0
2024-02-19 13:00:00,19.556,102.915,0.706,0
2024-02-19 14:00:00,19.419,102.989,0.723,0
2024-02-19 15:00:00,18.133,103.039,0.741,0
2024-02-19 16:00:00,16.643,103.23,0.702,0
2024-02-19 17:00:00,16.808,103.261,0.55,0
2024-02-19 18:00:00,17.407,103.628,0.564,0
2024-02-19 19:00:00,17.651,103.681,0.558,0
2024-02-19 20:00:00,16.293,103.743,0.687,0
2024-02-19 21:00:00,17.323,103.822,0.618,0
2024-02-19 22:00:00,19.857,103.984,0.571,0
2024-02-19 23:00:00,19.587,103.905,0.616,0
2024-02-20 00:00:00,20.77,104.249,0.46,0
2024-02-20 01:00:00,22.612,104.012,0.501,0
2024-02-20 02:00:00,24.405,104.329,0.7,0
2024-02-20 03:00:00,25.168,104.372,0.806,0
2024-02-20 04:00:00,25.672,104.184,0.743,0
2024-02-20 05:00:00,26.193,104.053,0.587,0
2024-02-20 06:00:00,26.375,104.042,0.5,0
2024-02-20 07:00:00,26.135,103.437,0.644,0
2024-02-20 08:00:00,27.561,103.785,0.729,0
2024-02-20 09:00:00,25.602,103.595,0.683,0
2024-02-20 10:00:00,35.745,103.483,0.675,1
2024-02-20 11:00:00,22.933,103.492,0.615,0
2024-02-20 12:00:00,21.838,103.292,0.528,0
2024-02-20 13:00:00,20.243,103.079,0.593,0
2024-02-20 14:00:00,17.887,103.207,0.667,0
2024-02-20 15:00:00,17.625,103.252,0.769,0
2024-02-20 16:00:00,16.578,103.305,0.734,0
2024-02-20 17:00:00,15.819,103.388,0.624,0
2024-02-20 18:00:00,16.283,103.622,0.586,0
2024-02-20 19:00:00,17.964,103.423,0.581,0
2024-02-20 20:00:00,17.638,103.743,0.754,0
2024-02-20 21:00:00,19.226,104.042,0.727,0
2024-02-20 22:00:00,19.724,103.713,0.837,0
2024-02-20 23:00:00,21.141,104.109,0.54,0
2024-02-21 00:00:00,21.409,104.081,0.466,0
2024-02-21 01:00:00,23.54,104.171,0.621,0
2024-02-21 02:00:00,24.848,104.116,0.693,0
2024-02-21 03:00:00,25.077,104.217,0.798,0
2024-02-21 04:00:00,26.528,104.477,0.64,0
2024-02-21 05:00:00,27.002,,0.645,0
2024-02-21 06:00:00,26.472,103.855,0.558,0
2024-02-21 07:00:00,25.924,103.719,0.635,0
2024-02-21 08:00:00,25.352,104.047,0.625,0
2024-02-21 09:00:00,25.281,103.59,0.77,0
2024-02-21 10:00:00,24.349,103.535,0.735,0
2024-02-21 11:00:00,22.428,103.373,0.63,0
2024-02-21 12:00:00,21.58,103.21,0.51,0
2024-02-21 13:00:00,20.564,103.262,0.611,0
2024-02-21 14:00:00,19.337,103.645,0.669,0
2024-02-21 15:00:00,18.81,103.498,0.732,0
2024-02-21 16:00:00,17.796,103.208,0.675,0
2024-02-21 17:00:00,15.874,103.509,0.558,0
2024-02-21 18:00:00,17.257,103.389,0.448,0
2024-02-21 19:00:00,16.039,103.367,0.562,0
2024-02-21 20:00:00,17.423,103.917,0.684,0
2024-02-21 21:00:00,17.569,104.07,0.699,0
2024-02-21 22:00:00,18.253,104.178,0.684,0
2024-02-21 23:00:00,18.556,104.06,0.625,0
2024-02-22 00:00:00,20.765,104.192,0.469,0
2024-02-22 01:00:00,21.158,104.387,0.673,0
2024-02-22 02:00:00,23.811,104.358,0.66,0
2024-02-22 03:00:00,25.106,104.231,0.678,0
2024-02-22 04:00:00,24.441,104.005,0.697,0
2024-02-22 05:00:00,25.528,104.193,0.508,0
2024-02-22 06:00:00,25.01,104.24,0.46,0
2024-02-22 07:00:00,24.824,103.782,0.649,0
2024-02-22 08:00:00,25.093,103.931,0.586,0
2024-02-22 09:00:00,23.736,103.757,0.756,0
2024-02-22 10:00:00,23.693,103.699,0.749,0
2024-02-22 11:00:00,21.08,103.612,0.582,0
2024-02-22 12:00:00,31.673,103.295,0.515,1
2024-02-22 13:00:00,18.69,103.103,0.656,0
2024-02-22 14:00:00,17.828,103.245,0.65,0
2024-02-22 15:00:00,15.972,103.471,0.743,0
2024-02-22 16:00:00,15.342,103.302,0.64,0
2024-02-22 17:00:00,14.729,103.356,0.576,0
2024-02-22 18:00:00,14.053,103.289,0.46,0
2024-02-22 19:00:00,15.05,103.945,0.617,0
2024-02-22 20:00:00,15.471,103.936,0.731,0
2024-02-22 21:00:00,16.16,104.06,0.691,0
2024-02-22 22:00:00,17.691,104.214,0.61,0
2024-02-22 23:00:00,18.776,104.265,0.546,0
2024-02-23 00:00:00,18.907,104.228,0.52,0
2024-02-23 01:00:00,20.583,104.298,0.692,0
2024-02-23 02:00:00,21.126,104.283,0.693,0
2024-02-23 03:00:00,22.485,104.734,0.681,0
2024-02-23 04:00:00,22.844,104.38,0.712,0
2024-02-23 05:00:00,24.614,104.154,0.588,0
2024-02-23 06:00:00,23.971,104.196,0.481,0
2024-02-23 07:00:00,23.394,103.858,0.552,0
2024-02-23 08:00:00,23.686,104.109,0.744,0
2024-02-23 09:00:00,20.819,103.656,0.573,0
2024-02-23 10:00:00,19.825,103.71,0.713,0
2024-02-23 11:00:00,20.256,103.689,0.577,0
2024-02-23 12:00:00,18.473,103.505,0.479,0
2024-02-23 13:00:00,17.247,103.408,0.685,0
2024-02-23 14:00:00,15.052,103.374,0.637,0
2024-02-23 15:00:00,14.757,103.377,0.666,0
2024-02-23 16:00:00,15.14,103.345,0.667,0
2024-02-23 17:00:00,13.897,103.441,0.621,0
2024-02-23 18:00:00,13.3,103.832,0.478,0
2024-02-23 19:00:00,13.074,103.714,0.521,0
2024-02-23 20:00:00,13.571,103.743,0.63,0
2024-02-23 21:00:00,13.299,103.915,0.764,0
2024-02-23 22:00:00,15.743,104.282,0.677,0
2024-02-23 23:00:00,17.281,104.328,0.623,0
2024-02-24 00:00:00,17.105,104.397,0.487,0
2024-02-24 01:00:00,18.932,104.332,0.567,0
2024-02-24 02:00:00,19.828,104.481,0.757,0
2024-02-24 03:00:00,20.969,104.29,0.691,0
2024-02-24 04:00:00,22.368,104.305,0.651,0
2024-02-24 05:00:00,21.58,104.417,0.655,0
2024-02-24 06:00:00,23.369,104.305,0.464,0
2024-02-24 07:00:00,23.283,103.911,0.57,0
2024-02-24 08:00:00,22.185,103.803,0.674,0
2024-02-24 09:00:00,20.06,103.82,0.7,0
2024-02-24 10:00:00,19.924,103.942,0.686,0
2024-02-24 11:00:00,20.069,103.29,0.705,0
2024-02-24 12:00:00,16.383,103.537,0.517,0
2024-02-24 13:00:00,16.566,103.235,0.481,0
2024-02-24 14:00:00,14.881,103.325,0.69,0
2024-02-24 15:00:00,15.059,103.379,0.702,0
2024-02-24 16:00:00,13.403,103.417,0.675,0
2024-02-24 17:00:00,13.58,103.476,0.612,0
2024-02-24 18:00:00,23.258,103.659,0.499,1
2024-02-24 19:00:00,14.504,103.698,0.597,0
2024-02-24 20:00:00,13.816,103.689,0.704,0
2024-02-24 21:00:00,14.997,104.157,0.673,0
2024-02-24 22:00:00,14.956,104.278,0.626,0
2024-02-24 23:00:00,17.811,104.401,0.751,0
2024-02-25 00:00:00,17.98,104.13,0.464,0
2024-02-25 01:00:00,19.442,104.463,0.605,0
2024-02-25 02:00:00,21.021,104.545,0.598,0
2024-02-25 03:00:00,21.184,104.28,0.706,0
2024-02-25 04:00:00,23.107,104.394,0.627,0
2024-02-25 05:00:00,24.106,104.302,0.578,0
2024-02-25 06:00:00,23.929,104.498,0.552,0
2024-02-25 07:00:00,22.689,104.395,0.624,0
2024-02-25 08:00:00,23.129,103.73,0.702,0
2024-02-25 09:00:00,22.917,104.226,0.611,0
2024-02-25 10:00:00,20.373,103.593,0.765,0
2024-02-25 11:00:00,19.715,103.773,0.54,0
2024-02-25 12:00:00,19.658,103.689,0.576,0
2024-02-25 13:00:00,18.068,103.34,0.651,0
2024-02-25 14:00:00,17.017,103.543,0.702,0
2024-02-25 15:00:00,16.92,103.465,0.657,0
2024-02-25 16:00:00,15.361,103.611,0.681,0
2024-02-25 17:00:00,15.047,103.639,0.576,0
2024-02-25 18:00:00,16.181,103.885,0.501,0
2024-02-25 19:00:00,14.67,,0.588,0
2024-02-25 20:00:00,14.893,103.931,0.571,0
2024-02-25 21:00:00,16.497,104.253,0.756,0
2024-02-25 22:00:00,17.614,104.3,0.669,0
2024-02-25 23:00:00,18.315,104.432,0.576,0
2024-02-26 00:00:00,19.381,104.309,0.472,0
2024-02-26 01:00:00,22.755,104.31,0.618,0
2024-02-26 02:00:00,22.846,104.406,0.629,0
2024-02-26 03:00:00,23.32,104.389,0.587,0
2024-02-26 04:00:00,25.178,104.558,0.694,0
2024-02-26 05:00:00,25.136,104.514,0.626,0
2024-02-26 06:00:00,25.293,104.247,0.49,0
2024-02-26 07:00:00,25.685,104.369,0.543,0
2024-02-26 08:00:00,24.145,104.233,0.678,0
2024-02-26 09:00:00,24.408,103.936,0.627,0
2024-02-26 10:00:00,24.378,103.655,0.622,0
2024-02-26 11:00:00,22.374,103.91,0.562,0
2024-02-26 12:00:00,20.642,103.582,0.542,0
2024-02-26 13:00:00,19.336,103.557,0.582,0
2024-02-26 14:00:00,18.254,103.466,0.651,0
2024-02-26 15:00:00,17.376,103.396,0.798,0
2024-02-26 16:00:00,16.57,103.355,0.691,0
2024-02-26 17:00:00,16.908,103.747,0.617,0
2024-02-26 18:00:00,15.207,103.636,0.482,0
2024-02-26 19:00:00,16.992,104.333,0.57,0
2024-02-26 20:00:00,16.802,103.841,0.564,0
2024-02-26 21:00:00,18.105,103.948,0.748,0
2024-02-26 22:00:00,18.29,104.338,0.696,0
2024-02-26 23:00:00,21.019,104.6,0.591,0
2024-02-27 00:00:00,22.311,104.466,0.493,0
2024-02-27 01:00:00,23.479,104.6,0.637,0
2024-02-27 02:00:00,23.244,104.263,0.595,0
2024-02-27 03:00:00,25.726,,0.671,0
2024-02-27 04:00:00,26.305,104.327,0.616,0
2024-02-27 05:00:00,25.635,104.132,0.689,0
2024-02-27 06:00:00,26.787,104.336,0.544,0
2024-02-27 07:00:00,26.881,103.866,0.49,0
2024-02-27 08:00:00,26.526,103.877,0.598,0
2024-02-27 09:00:00,25.53,103.867,0.693,0
2024-02-27 10:00:00,24.586,103.702,0.65,0
2024-02-27 11:00:00,24.11,103.781,0.534,0
2024-02-27 12:00:00,22.685,103.685,0.597,0
2024-02-27 13:00:00,18.951,103.72,0.616,0
2024-02-27 14:00:00,19.287,103.677,0.697,0
2024-02-27 15:00:00,18.353,103.749,0.665,0
2024-02-27 16:00:00,16.613,103.623,0.709,0
2024-02-27 17:00:00,17.225,103.746,0.581,0
2024-02-27 18:00:00,17.749,103.879,0.486,0
2024-02-27 19:00:00,16.517,103.943,0.631,0
2024-02-27 20:00:00,17.866,103.993,0.592,0
2024-02-27 21:00:00,17.902,104.135,0.78,0
2024-02-27 22:00:00,19.075,104.187,0.682,0
2024-02-27 23:00:00,21.557,104.482,0.664,0
2024-02-28 00:00:00,21.624,104.491,0.446,0
2024-02-28 01:00:00,23.503,104.463,0.554,0
2024-02-28 02:00:00,23.288,104.488,0.615,0
2024-02-28 03:00:00,26.541,104.397,0.713,0
2024-02-28 04:00:00,26.553,104.683,0.677,0
2024-02-28 05:00:00,26.553,104.476,0.577,0
2024-02-28 06:00:00,27.147,104.237,0.449,0
2024-02-28 07:00:00,25.752,104.371,0.537,0
2024-02-28 08:00:00,26.772,104.04,0.671,0
2024-02-28 09:00:00,25.035,103.785,0.677,0
2024-02-28 10:00:00,24.03,104.028,0.639,0
2024-02-28 11:00:00,22.608,103.689,0.677,0
2024-02-28 12:00:00,21.215,103.626,0.496,0
2024-02-28 13:00:00,20.639,103.64,0.664,0
2024-02-28 14:00:00,19.12,103.784,0.647,0
2024-02-28 15:00:00,18.27,103.628,0.712,0
2024-02-28 16:00:00,17.025,103.492,0.67,0
2024-02-28 17:00:00,16.783,103.83,0.515,0
2024-02-28 18:00:00,15.996,103.777,0.571,0
2024-02-28 19:00:00,17.696,104.253,0.593,0
2024-02-28 20:00:00,15.856,104.1,0.711,0
2024-02-28 21:00:00,18.285,103.897,0.662,0
2024-02-28 22:00:00,19.321,104.411,0.665,0
2024-02-28 23:00:00,19.129,104.758,0.557,0
2024-02-29 00:00:00,22.205,104.789,0.562,0
2024-02-29 01:00:00,22.691,104.885,0.616,0
2024-02-29 02:00:00,23.813,104.482,0.692,0
2024-02-29 03:00:00,24.213,104.763,0.768,0
2024-02-29 04:00:00,24.789,104.476,0.731,0
2024-02-29 05:00:00,25.222,104.545,0.638,0
2024-02-29 06:00:00,25.679,104.223,0.429,0
2024-02-29 07:00:00,26.042,104.201,0.565,0
2024-02-29 08:00:00,24.737,104.07,0.623,0
2024-02-29 09:00:00,23.213,104.178,0.736,0
2024-02-29 10:00:00,23.144,104.043,0.682,0
2024-02-29 11:00:00,21.922,103.859,0.53,0
2024-02-29 12:00:00,20.393,103.533,0.491,0
2024-02-29 13:00:00,19.078,103.635,0.525,0
2024-02-29 14:00:00,17.188,103.549,0.671,0
2024-02-29 15:00:00,15.683,103.804,0.617,0
2024-02-29 16:00:00,14.851,103.896,0.7,0
2024-02-29 17:00:00,13.817,103.955,0.619,0
2024-02-29 18:00:00,14.697,103.785,0.595,0
2024-02-29 19:00:00,14.603,103.607,0.642,0
2024-02-29 20:00:00,14.816,103.883,0.652,0
2024-02-29 21:00:00,14.031,104.494,0.741,0
2024-02-29 22:00:00,16.021,104.345,0.603,0
2024-02-29 23:00:00,18.579,104.402,0.552,0
2024-03-01 00:00:00,18.733,104.847,0.517,0
2024-03-01 01:00:00,20.576,104.848,0.492,0
2024-03-01 02:00:00,20.666,104.687,0.671,0
2024-03-01 03:00:00,23.335,104.631,0.649,0
2024-03-01 04:00:00,23.117,104.613,0.678,0
2024-03-01 05:00:00,23.816,104.594,0.546,0
2024-03-01 06:00:00,25.148,104.702,0.521,0
2024-03-01 07:00:00,24.435,104.409,0.601,0
2024-03-01 08:00:00,22.786,104.328,0.743,0
2024-03-01 09:00:00,21.765,104.267,0.7,0
2024-03-01 10:00:00,20.839,103.795,0.635,0
2024-03-01 11:00:00,20.084,103.979,0.588,0
2024-03-01 12:00:00,18.373,103.739,0.433,0
2024-03-01 13:00:00,16.86,103.352,0.62,0
2024-03-01 14:00:00,16.728,103.389,0.703,0
2024-03-01 15:00:00,14.702,103.569,0.823,0
2024-03-01 16:00:00,15.318,103.847,0.642,0
2024-03-01 17:00:00,13.457,103.861,0.587,0
2024-03-01 18:00:00,14.269,103.974,0.471,0
2024-03-01 19:00:00,13.552,104.359,0.611,0
2024-03-01 20:00:00,14.386,104.006,0.692,0
2024-03-01 21:00:00,14.142,104.324,0.697,0
2024-03-01 22:00:00,15.077,104.499,0.728,0
2024-03-01 23:00:00,17.05,104.452,0.569,0
2024-03-02 00:00:00,18.643,104.653,0.549,0
2024-03-02 01:00:00,19.353,104.466,0.627,0
2024-03-02 02:00:00,19.751,104.943,0.673,0
2024-03-02 03:00:00,20.732,104.62,0.684,0
2024-03-02 04:00:00,21.479,104.985,0.795,0
2024-03-02 05:00:00,21.77,104.603,0.559,0
2024-03-02 06:00:00,23.066,104.664,0.515,0
2024-03-02 07:00:00,23.506,104.386,0.562,0
2024-03-02 08:00:00,22.328,104.263,0.762,0
2024-03-02 09:00:00,20.192,104.052,0.744,0
2024-03-02 10:00:00,20.408,104.037,0.639,0
2024-03-02 11:00:00,19.231,103.961,0.626,0
2024-03-02 12:00:00,19.308,103.714,0.513,0
2024-03-02 13:00:00,15.9,103.759,0.574,0
2024-03-02 14:00:00,15.354,103.665,0.711,0
2024-03-02 15:00:00,15.6,104.114,0.719,0
2024-03-02 16:00:00,14.078,,0.684,0
2024-03-02 17:00:00,13.675,104.124,0.598,0
2024-03-02 18:00:00,13.267,103.965,0.522,0
2024-03-02 19:00:00,13.6,104.153,0.611,0
2024-03-02 20:00:00,14.404,104.046,0.676,0
2024-03-02 21:00:00,14.285,104.309,0.668,0
2024-03-02 22:00:00,16.374,104.533,0.758,0
2024-03-02 23:00:00,16.273,104.848,0.547,0
2024-03-03 00:00:00,18.633,104.73,0.521,0
2024-03-03 01:00:00,19.885,104.962,0.584,0
2024-03-03 02:00:00,20.664,104.876,0.761,0
2024-03-03 03:00:00,22.108,105.015,0.655,0
2024-03-03 04:00:00,22.596,104.719,0.636,0
2024-03-03 05:00:00,22.882,105.014,0.552,0
2024-03-03 06:00:00,23.541,104.485,0.516,0
2024-03-03 07:00:00,22.98,104.327,0.531,0
2024-03-03 08:00:00,23.397,104.134,0.649,0
2024-03-03 09:00:00,21.781,104.537,0.592,0
2024-03-03 10:00:00,21.927,104.19,0.685,0
2024-03-03 11:00:00,19.651,103.911,0.575,0
